{
  "uuid": "01a2dc23-4bd8-3604-a56f-7be4a1ae0bb9",
  "starterPrompted": true,
  "starterLocked": false,
  "starterSelected": true,
  "starterUUID": "3700880b-02cf-40a2-8973-b83c209754c7",
  "keyItems": [],
  "battleTheme": "cobblemon:battle.pvp.default",
  "extraData": {
    "koStreak": {
      "name": "koStreak",
      "species": "weedle",
      "count": 1
    },
    "koCount": {
      "name": "koCount",
      "defeats": {
        "shroomish": 1,
        "zubat": 1,
        "weedle": 1
      }
    },
    "captureStreak": {
      "name": "captureStreak",
      "species": "spiritomb",
      "count": 2
    },
    "captureCount": {
      "name": "captureCount",
      "defeats": {
        "torchic": 1,
        "spiritomb": 2,
        "salandit": 1,
        "combusken": 1
      }
    },
    "encounter": {
      "name": "encounter",
      "encounters": {
        "torchic": true,
        "klink": true,
        "shroomish": true,
        "zubat": true,
        "salandit": true,
        "spiritomb": true,
        "combusken": true,
        "weedle": true
      }
    }
  },
  "advancementData": {
    "totalCaptureCount": 2,
    "totalEggsHatched": 0,
    "totalEvolvedCount": 1,
    "totalBattleVictoryCount": 5,
    "totalPvPBattleVictoryCount": 0,
    "totalPvWBattleVictoryCount": 5,
    "totalPvNBattleVictoryCount": 0,
    "totalShinyCaptureCount": 0,
    "totalTradedCount": 1,
    "totalTypeCaptureCounts": {
      "ghost": 2,
      "dark": 2
    },
    "totalDefeatedCounts": {
      "cobblemon:shroomish": 1,
      "cobblemon:zubat": 1,
      "cobblemon:weedle": 1
    },
    "aspectsCollected": {}
  }
}