{
  "uuid": "aa01c38b-a2b2-3fae-bab9-93ccf30ef2ca",
  "starterPrompted": true,
  "starterLocked": false,
  "starterSelected": true,
  "starterUUID": "d82e671a-1885-4250-864f-583cba11968b",
  "keyItems": [],
  "battleTheme": "cobblemon:battle.pvp.default",
  "extraData": {
    "koStreak": {
      "name": "koStreak",
      "species": "mimejr",
      "count": 1
    },
    "koCount": {
      "name": "koCount",
      "defeats": {
        "growlithe": 1,
        "doduo": 1,
        "mimejr": 1
      }
    },
    "captureStreak": {
      "name": "captureStreak",
      "species": "gastly",
      "count": 1
    },
    "captureCount": {
      "name": "captureCount",
      "defeats": {
        "mudkip": 1,
        "gastly": 1
      }
    },
    "encounter": {
      "name": "encounter",
      "encounters": {
        "mudkip": true,
        "growlithe": true,
        "doduo": true,
        "mimejr": true,
        "gastly": true,
        "shinx": true
      }
    }
  },
  "advancementData": {
    "totalCaptureCount": 1,
    "totalEggsHatched": 0,
    "totalEvolvedCount": 0,
    "totalBattleVictoryCount": 4,
    "totalPvPBattleVictoryCount": 0,
    "totalPvWBattleVictoryCount": 4,
    "totalPvNBattleVictoryCount": 0,
    "totalShinyCaptureCount": 0,
    "totalTradedCount": 0,
    "totalTypeCaptureCounts": {
      "ghost": 1,
      "poison": 1
    },
    "totalDefeatedCounts": {
      "cobblemon:growlithe": 1,
      "cobblemon:doduo": 1,
      "cobblemon:mimejr": 1
    },
    "aspectsCollected": {}
  }
}