{
  "uuid": "2df2ee9e-e9b1-32bb-a7e8-a0350f1ed708",
  "starterPrompted": true,
  "starterLocked": false,
  "starterSelected": true,
  "starterUUID": "0721785e-16a2-47b6-bf21-483e6efb4281",
  "keyItems": [],
  "battleTheme": "cobblemon:battle.pvp.default",
  "extraData": {
    "koStreak": {
      "name": "koStreak",
      "species": "gastly",
      "count": 1
    },
    "koCount": {
      "name": "koCount",
      "defeats": {
        "ursaluna": 1,
        "pineco": 1,
        "haunter": 1,
        "gastly": 4,
        "lunatone": 1,
        "diglett": 1,
        "zubat": 2,
        "geodude": 3
      }
    },
    "captureStreak": {
      "name": "captureStreak",
      "species": "salandit",
      "count": 1
    },
    "captureCount": {
      "name": "captureCount",
      "defeats": {
        "charmander": 1,
        "klefki": 1,
        "timburr": 1,
        "charmeleon": 1,
        "grimer": 1,
        "linoone": 1,
        "tinkatink": 1,
        "gengar": 1,
        "abra": 1,
        "eevee": 1,
        "banette": 1,
        "roggenrola": 1,
        "salandit": 1,
        "spiritomb": 1
      }
    },
    "encounter": {
      "name": "encounter",
      "encounters": {
        "charmander": true,
        "klefki": true,
        "timburr": true,
        "charmeleon": true,
        "grimer": true,
        "linoone": true,
        "ursaluna": true,
        "phantump": true,
        "pineco": true,
        "haunter": true,
        "tinkatink": true,
        "gengar": true,
        "abra": true,
        "eevee": true,
        "banette": true,
        "roggenrola": true,
        "gastly": true,
        "lunatone": true,
        "salandit": true,
        "spiritomb": true,
        "diglett": true,
        "zubat": true,
        "geodude": true,
        "solrock": true
      }
    }
  },
  "advancementData": {
    "totalCaptureCount": 11,
    "totalEggsHatched": 0,
    "totalEvolvedCount": 1,
    "totalBattleVictoryCount": 26,
    "totalPvPBattleVictoryCount": 1,
    "totalPvWBattleVictoryCount": 25,
    "totalPvNBattleVictoryCount": 0,
    "totalShinyCaptureCount": 1,
    "totalTradedCount": 1,
    "totalTypeCaptureCounts": {
      "steel": 2,
      "fairy": 2,
      "fighting": 1,
      "poison": 3,
      "dark": 1,
      "normal": 2,
      "ghost": 2,
      "psychic": 1,
      "rock": 1,
      "fire": 1
    },
    "totalDefeatedCounts": {
      "cobblemon:ursaluna": 1,
      "cobblemon:pineco": 1,
      "cobblemon:haunter": 1,
      "cobblemon:gastly": 4,
      "cobblemon:lunatone": 1,
      "cobblemon:diglett": 1,
      "cobblemon:zubat": 2,
      "cobblemon:geodude": 3
    },
    "aspectsCollected": {}
  }
}