{
  "uuid": "2df2ee9e-e9b1-32bb-a7e8-a0350f1ed708",
  "starterPrompted": true,
  "starterLocked": false,
  "starterSelected": true,
  "starterUUID": "774b51a3-68c6-4cdf-abde-6a091aace70f",
  "keyItems": [],
  "battleTheme": "cobblemon:battle.pvp.default",
  "extraData": {
    "koStreak": {
      "name": "koStreak",
      "species": "zubat",
      "count": 1
    },
    "koCount": {
      "name": "koCount",
      "defeats": {
        "woobat": 1,
        "patrat": 1,
        "fidough": 1,
        "ferroseed": 1,
        "combee": 1,
        "pidove": 1,
        "pidgey": 1,
        "butterfree": 1,
        "eevee": 1,
        "petilil": 1,
        "rookidee": 1,
        "zubat": 1
      }
    },
    "captureStreak": {
      "name": "captureStreak",
      "species": "eevee",
      "count": 1
    },
    "captureCount": {
      "name": "captureCount",
      "defeats": {
        "litten": 1,
        "torracat": 1,
        "mareep": 1,
        "tinkatink": 1,
        "eevee": 1
      }
    },
    "encounter": {
      "name": "encounter",
      "encounters": {
        "litten": true,
        "woobat": true,
        "patrat": true,
        "fidough": true,
        "cufant": true,
        "ferroseed": true,
        "combee": true,
        "pidove": true,
        "pidgey": true,
        "butterfree": true,
        "eevee": true,
        "torracat": true,
        "petilil": true,
        "rookidee": true,
        "mareep": true,
        "heracross": true,
        "tinkatink": true,
        "zubat": true
      }
    }
  },
  "advancementData": {
    "totalCaptureCount": 3,
    "totalEggsHatched": 0,
    "totalEvolvedCount": 1,
    "totalBattleVictoryCount": 15,
    "totalPvPBattleVictoryCount": 0,
    "totalPvWBattleVictoryCount": 15,
    "totalPvNBattleVictoryCount": 0,
    "totalShinyCaptureCount": 0,
    "totalTradedCount": 0,
    "totalTypeCaptureCounts": {
      "electric": 1,
      "fairy": 1,
      "steel": 1,
      "normal": 1
    },
    "totalDefeatedCounts": {
      "cobblemon:woobat": 1,
      "cobblemon:patrat": 1,
      "cobblemon:fidough": 1,
      "cobblemon:ferroseed": 1,
      "cobblemon:combee": 1,
      "cobblemon:pidove": 1,
      "cobblemon:pidgey": 1,
      "cobblemon:butterfree": 1,
      "cobblemon:eevee": 1,
      "cobblemon:petilil": 1,
      "cobblemon:rookidee": 1,
      "cobblemon:zubat": 1
    },
    "aspectsCollected": {}
  }
}