{"stats":{"minecraft:picked_up":{"minecraft:wooden_axe":1,"cobblemon:great_ball":3,"minecraft:dark_oak_sapling":1,"minecraft:beehive":1,"minecraft:coarse_dirt":1,"minecraft:bee_nest":5,"minecolonies:blockhuttownhall":11,"minecraft:big_dripleaf":3,"minecraft:brown_mushroom":1,"cobblemon:pinap_berry":1,"minecraft:flint":2,"minecraft:amethyst_shard":12,"create:fluid_pipe":1,"minecraft:moss_carpet":15,"minecraft:rotten_flesh":2,"minecraft:bone":6,"minecolonies:blockhutguardtower":1,"minecolonies:gate_iron":28,"minecraft:wheat_seeds":36,"minecraft:cobbled_deepslate":4,"minecraft:spore_blossom":2,"cobblemon:big_root":1,"minecraft:piston":429,"minecraft:wheat":12},"minecraft:dropped":{"minecraft:coarse_dirt":1,"cobblemon:big_root":1,"minecraft:glass_bottle":8,"minecraft:wooden_axe":1,"minecraft:stone_bricks":1,"minecraft:flint":1},"minecraft:killed":{"minecraft:creeper":1},"minecraft:used":{"minecraft:deepslate_tiles":401,"minecraft:moss_block":1,"create:framed_glass":201,"create:brass_casing":21,"minecraft:flint_and_steel":3,"create:wrench":39,"minecraft:grass_block":159,"create:metal_bracket":2,"minecraft:quartz_block":2,"minecraft:stone":186,"minecraft:clay":6,"create:spout":1,"minecraft:glowstone":13,"create:creative_motor":2,"create:andesite_casing":1,"minecolonies:gate_iron":1,"minecraft:gravel":1,"minecraft:stone_bricks":251,"biomesoplenty:toadstool":8,"minecraft:stone_brick_stairs":45,"minecraft:deepslate_bricks":9,"minecraft:bee_spawn_egg":40,"create:fluid_tank":25,"minecraft:cracked_stone_bricks":1,"minecraft:bedrock":14,"create:mechanical_pump":18,"minecraft:sand":50,"minecraft:cobblestone":1,"minecraft:dirt":29,"minecraft:tnt":1,"create:cogwheel":5,"create:depot":1,"create:fluid_pipe":63,"minecraft:bee_nest":18,"minecraft:sponge":36,"torchmaster:megatorch":75,"minecraft:coarse_dirt":191,"minecraft:tuff":7,"minecraft:beehive":8,"minecraft:dandelion":18,"minecraft:bone_meal":13,"structurize:sceptergold":9,"minecraft:obsidian":79},"minecraft:custom":{"minecraft:time_since_rest":391276,"minecraft:sprint_one_cm":350776,"minecraft:damage_taken":670,"minecraft:walk_one_cm":241172,"minecraft:mob_kills":1,"minecraft:drop":6,"minecraft:damage_dealt":584,"minecraft:fly_one_cm":5978439,"minecraft:open_chest":1,"minecraft:crouch_one_cm":563,"minecraft:play_time":430778,"minecraft:deaths":1,"minecraft:sneak_time":3954,"minecraft:walk_under_water_one_cm":17647,"minecraft:jump":1383,"minecraft:leave_game":4,"minecraft:walk_on_water_one_cm":9844,"minecraft:time_since_death":391270,"minecraft:climb_one_cm":237,"minecraft:total_world_time":430778,"minecraft:fall_one_cm":7939}},"DataVersion":3465}