{"stats":{"minecraft:picked_up":{"minecraft:wooden_axe":1,"minecraft:dark_oak_sapling":1,"minecraft:coarse_dirt":1,"minecolonies:blockhuttownhall":11,"minecraft:big_dripleaf":3,"minecraft:brown_mushroom":1,"cobblemon:pinap_berry":1,"minecraft:amethyst_shard":12,"create:fluid_pipe":1,"minecraft:moss_carpet":14,"minecraft:rotten_flesh":1,"minecraft:bone":6,"minecolonies:blockhutguardtower":1,"minecolonies:gate_iron":28,"minecraft:wheat_seeds":12,"minecraft:cobbled_deepslate":4,"minecraft:spore_blossom":1,"cobblemon:big_root":1,"minecraft:piston":429},"minecraft:dropped":{"minecraft:coarse_dirt":1,"cobblemon:big_root":1,"minecraft:wooden_axe":1,"minecraft:stone_bricks":1},"minecraft:killed":{"minecraft:creeper":1},"minecraft:used":{"minecraft:deepslate_tiles":401,"minecraft:moss_block":1,"create:brass_casing":9,"minecraft:flint_and_steel":3,"minecraft:grass_block":71,"create:metal_bracket":2,"minecraft:stone":74,"create:andesite_casing":1,"minecolonies:gate_iron":1,"minecraft:gravel":1,"minecraft:stone_bricks":251,"biomesoplenty:toadstool":8,"minecraft:stone_brick_stairs":45,"minecraft:deepslate_bricks":9,"create:fluid_tank":10,"minecraft:cracked_stone_bricks":1,"minecraft:bedrock":14,"create:mechanical_pump":5,"minecraft:sand":50,"minecraft:cobblestone":1,"minecraft:dirt":29,"minecraft:tnt":1,"create:fluid_pipe":8,"minecraft:bee_nest":5,"minecraft:sponge":36,"torchmaster:megatorch":75,"minecraft:coarse_dirt":191,"minecraft:tuff":7,"minecraft:bone_meal":13,"structurize:sceptergold":9,"minecraft:obsidian":79},"minecraft:custom":{"minecraft:time_since_rest":319276,"minecraft:sprint_one_cm":313166,"minecraft:damage_taken":670,"minecraft:walk_one_cm":196097,"minecraft:mob_kills":1,"minecraft:drop":4,"minecraft:damage_dealt":528,"minecraft:fly_one_cm":4911451,"minecraft:open_chest":1,"minecraft:crouch_one_cm":358,"minecraft:play_time":358778,"minecraft:deaths":1,"minecraft:sneak_time":2884,"minecraft:walk_under_water_one_cm":17647,"minecraft:jump":1179,"minecraft:leave_game":4,"minecraft:walk_on_water_one_cm":8914,"minecraft:time_since_death":319270,"minecraft:climb_one_cm":237,"minecraft:total_world_time":358778,"minecraft:fall_one_cm":7939}},"DataVersion":3465}