{"stats":{"minecraft:picked_up":{"minecraft:wooden_axe":1,"minecraft:crafting_table":3,"cobblemon:leaf_stone":1,"minecraft:wheat":12,"minecraft:coarse_dirt":1,"minecraft:bee_nest":5,"minecolonies:blockhuttownhall":11,"cobblemon:great_ball":4,"minecraft:clay_ball":16,"minecraft:brown_mushroom":2,"cobblemon:pinap_berry":1,"cobblemon:roseate_ball":3,"minecraft:flint":2,"minecraft:gunpowder":1,"minecraft:dirt":1,"minecraft:moss_carpet":18,"create:fluid_pipe":1,"cobblemon:revival_herb":3,"minecraft:bone":10,"minecolonies:blockhutguardtower":1,"minecraft:bow":1,"minecraft:wheat_seeds":40,"minecraft:cobbled_deepslate":5,"minecraft:spore_blossom":2,"cobblemon:quick_ball":7,"cobblemon:pep_up_flower":2,"minecraft:azalea":3,"cobblemon:big_root":1,"minecraft:moss_block":9,"minecraft:flowering_azalea":2,"minecraft:piston":429,"minecraft:furnace":1,"minecraft:dark_oak_sapling":1,"minecraft:beehive":1,"minecraft:raw_iron":40,"minecraft:big_dripleaf":3,"minecraft:amethyst_shard":12,"minecraft:stone_button":1,"minecraft:dark_oak_log":4,"minecraft:arrow":8,"minecraft:rotten_flesh":2,"minecolonies:gate_iron":34,"minecraft:diamond":7,"minecraft:glow_berries":2,"minecraft:coal":45,"minecraft:cobblestone":34},"minecraft:dropped":{"minecraft:moss_carpet":3,"minecraft:brown_mushroom":1,"minecraft:coarse_dirt":1,"cobblemon:big_root":1,"minecraft:glass_bottle":8,"minecraft:crafting_table":1,"minecraft:flint":1,"minecraft:wooden_axe":1,"minecraft:azalea":3,"minecraft:stone_bricks":1,"minecraft:string":2},"minecraft:killed":{"minecraft:creeper":1,"minecraft:skeleton":3,"minecraft:zombie":2},"minecraft:used":{"minecraft:moss_block":3,"minecraft:water_bucket":1,"create:framed_glass":203,"create:brass_casing":21,"minecraft:stone_sword":38,"minecraft:flint_and_steel":3,"minecraft:smooth_quartz_slab":289,"minecraft:stone_pickaxe":61,"minecraft:polished_andesite":5,"minecraft:smooth_sandstone_slab":12,"minecraft:wooden_pickaxe":24,"minecraft:stone":219,"minecraft:cut_sandstone":11,"minecolonies:gate_iron":6,"minecraft:clay":6,"minecraft:deepslate_bricks":9,"minecraft:cracked_stone_bricks":1,"create:spout":1,"minecraft:bee_spawn_egg":40,"elevatorid:elevator_white":2,"create:fluid_tank":25,"create:mechanical_pump":18,"minecraft:dirt":29,"minecraft:sand":50,"minecraft:tnt":1,"minecraft:crafting_table":4,"create:cogwheel":5,"minecraft:cobblestone_wall":1,"minecraft:sponge":36,"create:depot":1,"minecraft:bee_nest":18,"minecraft:tuff":7,"minecraft:beehive":8,"minecraft:obsidian":79,"minecraft:deepslate_tiles":401,"create:wrench":39,"minecraft:quartz_slab":2,"minecraft:grass_block":159,"create:metal_bracket":2,"minecraft:iron_pickaxe":29,"minecraft:quartz_block":111,"create:andesite_casing":1,"minecraft:gravel":5,"create:creative_motor":2,"biomesoplenty:toadstool":8,"minecraft:stone_brick_stairs":45,"minecraft:stone_bricks":251,"minecraft:bedrock":14,"minecraft:glowstone":13,"minecraft:cobblestone":13,"minecraft:furnace":1,"minecraft:bucket":1,"create:fluid_pipe":63,"torchmaster:megatorch":79,"minecraft:cooked_beef":13,"minecraft:coarse_dirt":191,"minecraft:dandelion":18,"structurize:sceptergold":9,"minecraft:bone_meal":13},"minecraft:mined":{"minecraft:flowering_azalea":2,"minecraft:deepslate_diamond_ore":7,"cobblemon:revival_herb":1,"minecraft:dark_oak_log":4,"cobblemon:leaf_stone_ore":1,"minecraft:crafting_table":2,"minecraft:cave_vines_plant":1,"minecraft:tall_grass":7,"minecraft:moss_block":2,"minecraft:spawner":1,"minecraft:magma_block":1,"minecraft:furnace":1,"minecraft:iron_ore":25,"minecraft:grass":5,"minecraft:sculk_shrieker":1,"minecraft:coal_ore":23,"minecraft:deepslate_iron_ore":15,"minecraft:azalea":1,"minecraft:stone":33},"minecraft:crafted":{"minecraft:oak_planks":4,"minecraft:crafting_table":2,"minecraft:wooden_pickaxe":1,"minecraft:furnace":1,"minecraft:bucket":1,"minecraft:air":0,"minecraft:iron_boots":1,"minecraft:iron_chestplate":1,"minecraft:stick":12,"minecraft:iron_pickaxe":1,"minecraft:iron_ingot":21,"minecraft:stone_sword":1,"minecraft:stone_pickaxe":1,"minecraft:dark_oak_planks":16},"minecraft:custom":{"minecraft:interact_with_furnace":3,"minecraft:mob_kills":8,"minecraft:interact_with_crafting_table":6,"minecraft:leave_game":6,"minecraft:time_since_death":467561,"minecraft:sleep_in_bed":1,"minecraft:climb_one_cm":1903,"minecraft:time_since_rest":37962,"minecraft:sprint_one_cm":540330,"minecraft:damage_taken":1455,"minecraft:walk_one_cm":373154,"minecraft:drop":13,"minecraft:damage_dealt":1659,"minecraft:swim_one_cm":3307,"minecraft:fly_one_cm":6801312,"minecraft:open_chest":19,"minecraft:crouch_one_cm":940,"minecraft:play_time":507069,"minecraft:deaths":1,"minecraft:sneak_time":4511,"minecraft:walk_under_water_one_cm":20146,"minecraft:jump":2277,"minecraft:walk_on_water_one_cm":15690,"minecraft:total_world_time":507069,"minecraft:fall_one_cm":25435}},"DataVersion":3465}