{"stats":{"minecraft:picked_up":{"minecraft:wooden_axe":1,"minecolonies:blockhuttownhall":11,"cobblemon:leaf_stone":2,"minecraft:crafting_table":3,"minecraft:coarse_dirt":1,"minecraft:bee_nest":5,"minecraft:wheat":12,"minecolonies:scroll_buff":8,"minecraft:clay_ball":32,"minecraft:brown_mushroom":2,"minecraft:diamond_sword":5,"minecraft:wooden_pickaxe":1,"minecraft:enchanted_book":1,"minecraft:string":12,"minecraft:moss_carpet":18,"create:fluid_pipe":1,"cobblemon:revival_herb":3,"minecolonies:blockhutguardtower":1,"cobblemon:link_cable":1,"minecraft:diamond_leggings":1,"cobblemon:green_apricorn":5,"cobblemizer:gender_swapper":1,"minecraft:cobbled_deepslate":5,"minecraft:bucket":1,"minecraft:beef":14,"minecraft:enchanted_golden_apple":6,"cobblemon:pep_up_flower":6,"cobblemon:big_root":1,"minecraft:azalea":3,"minecraft:iron_pickaxe":2,"cobblemon:quick_ball":12,"minecraft:diamond_hoe":1,"minecraft:furnace":2,"minecraft:piston":429,"minecraft:dark_oak_sapling":1,"minecraft:beehive":1,"minecraft:stick":7,"minecraft:raw_iron":78,"minecraft:big_dripleaf":3,"minecraft:stone_button":1,"minecraft:dark_oak_planks":3,"minecraft:diamond_chestplate":1,"minecraft:arrow":18,"minecraft:rotten_flesh":4,"minecolonies:gate_iron":34,"minecraft:diamond_boots":1,"minecraft:glow_berries":2,"minecraft:cobblestone":53,"cobblemon_armor_sets:pokemon_scraps":2,"minecraft:cooked_beef":39,"cobblemon:great_ball":4,"minecraft:leather":6,"cobblemon:pinap_berry":1,"cobblemon:roseate_ball":3,"minecraft:flint":2,"minecraft:oak_log":33,"minecraft:gunpowder":31,"minecraft:dirt":97,"cobblemon:pink_apricorn_seed":2,"minecraft:bone":21,"minecraft:stone_bricks":7,"minecraft:bow":1,"minecraft:wheat_seeds":48,"minecraft:spore_blossom":2,"minecraft:iron_ingot":3,"minecraft:diamond_helmet":1,"minecraft:moss_block":9,"minecraft:flowering_azalea":2,"cobblemon:chilan_berry":24,"minecraft:sweet_berries":2,"cobblemon:pecha_berry":14,"cobblemon:yellow_apricorn_seed":2,"minecraft:amethyst_shard":12,"cobblemon:pink_apricorn":12,"minecraft:diamond_block":3,"minecraft:dark_oak_log":4,"minecraft:mossy_cobblestone":5,"cobblemon_armor_sets:cosplaymakingguide":1,"minecraft:diamond":12,"minecraft:coal":67,"minecraft:diamond_pickaxe":1},"minecraft:dropped":{"minecraft:brown_mushroom":1,"minecraft:wheat_seeds":6,"minecraft:glass_bottle":8,"minecraft:crafting_table":1,"minecraft:glow_berries":2,"minecraft:stick":7,"minecraft:flint":1,"minecraft:wooden_axe":1,"cobblemon:pep_up_flower":2,"minecraft:iron_pickaxe":1,"minecraft:dark_oak_planks":3,"minecraft:string":2,"minecraft:moss_carpet":3,"minecraft:coarse_dirt":1,"minecraft:stone_sword":1,"minecraft:cobbled_deepslate":1,"cobblemon:big_root":1,"minecraft:raw_iron":19,"minecraft:rotten_flesh":2,"minecraft:clay_ball":16,"minecraft:iron_boots":1,"minecraft:diamond_sword":4,"minecraft:gunpowder":15,"minecraft:iron_chestplate":1,"minecraft:azalea":3,"cobblemon:pecha_berry":14,"minecraft:stone_bricks":3,"minecraft:bow":1,"minecraft:wooden_pickaxe":1},"minecraft:killed":{"minecraft:witch":1,"minecraft:spider":4,"minecraft:skeleton":4,"minecraft:creeper":1,"minecraft:zombie":3,"minecraft:cow":4},"minecraft:used":{"minecraft:moss_block":3,"create:framed_glass":203,"create:brass_casing":21,"minecraft:stone_sword":38,"minecraft:flint_and_steel":3,"minecraft:smooth_quartz_slab":289,"minecraft:stone":219,"minecolonies:gate_iron":6,"minecraft:bee_spawn_egg":40,"create:fluid_tank":25,"create:mechanical_pump":18,"minecraft:dirt":49,"create:cogwheel":5,"minecraft:cobblestone_wall":1,"minecraft:bee_nest":18,"create:depot":1,"minecraft:tuff":7,"minecraft:beehive":8,"minecraft:obsidian":79,"minecraft:quartz_slab":2,"create:wrench":39,"minecraft:grass_block":159,"create:metal_bracket":2,"minecraft:quartz_block":111,"create:creative_motor":2,"minecraft:stone_brick_stairs":45,"minecraft:stone_bricks":254,"minecraft:bedrock":14,"minecraft:glowstone":13,"minecraft:sweet_berries":2,"minecraft:furnace":1,"create:fluid_pipe":63,"torchmaster:megatorch":79,"minecraft:cooked_beef":28,"minecraft:water_bucket":1,"minecraft:stone_pickaxe":61,"minecraft:polished_andesite":5,"minecraft:smooth_sandstone_slab":12,"minecraft:wooden_pickaxe":24,"minecraft:cut_sandstone":11,"minecraft:clay":6,"minecraft:deepslate_bricks":9,"minecraft:cracked_stone_bricks":1,"create:spout":1,"elevatorid:elevator_white":2,"minecraft:sand":50,"minecraft:tnt":1,"minecraft:crafting_table":4,"minecraft:sponge":36,"minecraft:deepslate_tiles":401,"minecraft:diamond_pickaxe":2,"minecraft:iron_pickaxe":43,"create:andesite_casing":1,"minecraft:gravel":5,"biomesoplenty:toadstool":8,"minecraft:diamond_sword":38,"minecraft:cobblestone":23,"minecraft:bucket":1,"minecraft:coarse_dirt":191,"minecraft:dandelion":18,"structurize:sceptergold":9,"minecraft:bone_meal":13},"minecraft:mined":{"minecraft:deepslate_diamond_ore":7,"minecraft:dark_oak_log":4,"cobblemon:big_root":1,"minecraft:cave_vines_plant":1,"minecraft:moss_block":2,"minecraft:spawner":1,"minecraft:magma_block":1,"minecraft:furnace":1,"minecraft:iron_ore":25,"minecraft:diamond_block":3,"minecraft:sculk_shrieker":1,"minecraft:deepslate_iron_ore":15,"minecraft:bamboo":2,"minecraft:azalea":1,"minecraft:stone":33,"minecraft:flowering_azalea":2,"cobblemon:revival_herb":1,"cobblemon:leaf_stone_ore":1,"minecraft:crafting_table":2,"minecraft:tall_grass":7,"minecraft:cobblestone":5,"minecraft:grass":7,"minecraft:coal_ore":23,"minecraft:dripstone_block":2,"minecraft:stone_bricks":6,"minecraft:fern":1},"minecraft:custom":{"minecraft:mob_kills":19,"minecraft:interact_with_crafting_table":9,"minecraft:leave_game":7,"minecraft:time_since_death":13620,"minecraft:climb_one_cm":6959,"minecraft:sprint_one_cm":713631,"minecraft:walk_one_cm":433447,"minecraft:drop":37,"minecraft:play_time":554099,"minecraft:sneak_time":4646,"minecraft:deaths":2,"minecraft:walk_under_water_one_cm":20394,"minecraft:jump":3661,"minecraft:walk_on_water_one_cm":15838,"minecraft:total_world_time":554099,"minecraft:interact_with_furnace":3,"minecraft:sleep_in_bed":1,"minecraft:time_since_rest":13648,"minecraft:damage_taken":2540,"minecraft:damage_dealt":3623,"minecraft:swim_one_cm":4515,"minecraft:fly_one_cm":7165207,"minecraft:open_chest":31,"minecraft:crouch_one_cm":1313,"minecraft:fall_one_cm":67823},"minecraft:crafted":{"minecraft:oak_planks":4,"minecraft:furnace":1,"minecraft:diamond":27,"minecraft:diamond_helmet":1,"minecraft:iron_boots":1,"minecraft:diamond_leggings":1,"minecraft:stone_pickaxe":1,"minecraft:diamond_boots":1,"minecraft:dark_oak_planks":16,"minecraft:diamond_sword":1,"minecraft:crafting_table":2,"minecraft:wooden_pickaxe":1,"minecraft:bucket":1,"minecraft:air":0,"minecraft:iron_chestplate":1,"minecraft:diamond_pickaxe":1,"minecraft:stick":12,"minecraft:iron_ingot":21,"minecraft:iron_pickaxe":1,"minecraft:stone_sword":1,"minecraft:diamond_chestplate":1}},"DataVersion":3465}