{"stats":{"minecraft:killed":{"minecraft:endermite":1,"minecraft:slime":5,"minecraft:skeleton":1,"minecraft:skeleton_horse":1,"minecraft:pig":3,"minecraft:sheep":5},"minecraft:custom":{"minecraft:mob_kills":17,"minecraft:interact_with_crafting_table":4,"minecraft:leave_game":12,"minecraft:time_since_death":58868,"minecraft:climb_one_cm":43683,"minecraft:sprint_one_cm":187725,"minecraft:walk_one_cm":293848,"minecraft:drop":56,"minecraft:talked_to_villager":1,"minecraft:play_time":126544,"minecraft:deaths":36,"minecraft:sneak_time":3072,"minecraft:walk_under_water_one_cm":16445,"minecraft:jump":870,"minecraft:walk_on_water_one_cm":20883,"minecraft:total_world_time":126544,"minecraft:time_since_rest":58896,"minecraft:damage_taken":12775,"minecraft:damage_dealt":1533,"minecraft:swim_one_cm":8236,"minecraft:fly_one_cm":302881,"minecraft:player_kills":4,"minecraft:open_chest":40,"minecraft:crouch_one_cm":6510,"minecraft:aviate_one_cm":819587,"minecraft:fall_one_cm":63456,"minecraft:horse_one_cm":54085},"minecraft:picked_up":{"minecraft:wooden_axe":3,"minecraft:fishing_rod":9,"minecraft:music_disc_strad":2,"minecraft:nether_wart":3,"minecraft:azure_bluet":11,"minecraft:chainmail_boots":1,"minecraft:splash_potion":4,"minecraft:ladder":3,"minecraft:creeper_head":2,"minecraft:prismarine_shard":23,"minecraft:leather_leggings":9,"pixelmon:lure_ball":8,"minecraft:diamond_sword":2,"minecraft:wooden_pickaxe":2,"minecraft:potion":4,"minecraft:enchanted_book":92,"pixelmon:sharpedonite":1,"minecraft:heavy_weighted_pressure_plate":1,"minecraft:lapis_block":1,"minecraft:elytra":11,"minecraft:quartz_slab":20,"minecraft:armor_stand":1,"minecraft:pufferfish":16,"minecraft:magenta_wool":1,"minecraft:diamond_leggings":1,"minecraft:gold_nugget":27,"minecraft:bucket":14,"minecraft:player_head":3,"minecraft:written_book":1,"minecraft:ender_eye":56,"minecraft:poppy":12,"minecraft:light_gray_wool":3,"minecraft:enchanted_golden_apple":7,"minecraft:chest":2,"minecraft:quartz_stairs":7,"minecraft:golden_helmet":1,"minecraft:stick":5,"minecraft:music_disc_blocks":2,"minecraft:jukebox":2,"minecraft:porkchop":24,"minecraft:golden_axe":1,"minecraft:frog_spawn_egg":1,"minecraft:prismarine_crystals":44,"minecraft:golden_chestplate":1,"minecraft:green_terracotta":6,"minecraft:rabbit_foot":7,"minecraft:quartz_block":70,"minecraft:arrow":10,"minecraft:rotten_flesh":4,"minecraft:diamond_chestplate":4,"minecraft:tropical_fish":20,"minecraft:hay_block":8,"minecraft:saddle":5,"minecraft:pink_tulip":8,"minecraft:glistering_melon_slice":8,"minecraft:bookshelf":58,"minecraft:gold_ingot":154,"minecraft:blaze_rod":13,"minecraft:mutton":5,"minecraft:panda_spawn_egg":1,"minecraft:cod":27,"minecraft:skeleton_skull":2,"minecraft:blaze_powder":30,"minecraft:oxeye_daisy":8,"minecraft:sponge":1,"pixelmon:poke_ball_lid":1,"minecraft:leather_chestplate":3,"minecraft:magma_cream":5,"minecraft:water_bucket":7,"minecraft:salmon":24,"minecraft:leather":42,"minecraft:golden_leggings":5,"minecraft:end_portal_frame":3,"pixelmon:poke_ball":13,"minecraft:chainmail_chestplate":3,"minecraft:golden_boots":2,"lucky:lucky_block":5,"minecraft:lapis_lazuli":102,"lucky:lucky_bow":9,"minecraft:leather_boots":7,"pixelmon:blastoisinite":1,"minecraft:bone":18,"minecraft:witch_spawn_egg":1,"minecraft:bow":9,"minecraft:iron_ingot":33,"minecraft:diamond_helmet":1,"minecraft:llama_spawn_egg":1,"minecraft:iron_sword":10,"minecraft:oak_planks":90,"minecraft:book":26,"minecraft:ghast_tear":6,"minecraft:nether_quartz_ore":58,"minecraft:milk_bucket":5,"minecraft:quartz":29,"minecraft:lime_concrete":2,"minecraft:poisonous_potato":10,"minecraft:dropper":16,"minecraft:lava_bucket":13,"minecraft:endermite_spawn_egg":1,"pixelmon:quick_ball":32,"minecraft:fermented_spider_eye":24,"minecraft:dragon_egg":5,"minecraft:dark_oak_log":2,"minecraft:sea_lantern":36,"minecraft:spider_eye":24,"minecraft:leather_helmet":3,"minecraft:firework_rocket":1203,"minecraft:slime_ball":4,"minecraft:green_concrete":9,"minecraft:diamond":226,"minecraft:slime_block":22,"pixelmon:galladite":1,"minecraft:lever":2,"minecraft:painting":10,"minecraft:golden_apple":46,"minecraft:golden_horse_armor":2,"minecraft:emerald":47,"minecraft:baked_potato":75,"minecraft:goat_spawn_egg":1,"minecraft:nether_star":6,"minecraft:ender_pearl":66},"minecraft:crafted":{"lucky:pixelmon_lucky_block":3},"minecraft:mined":{"minecraft:ladder":9,"lucky:pixelmon_lucky_block":23,"minecraft:frosted_ice":1,"minecraft:sandstone":1,"minecraft:fire":1,"lucky:lucky_block":59,"minecraft:chest":2,"minecraft:slime_block":24},"minecraft:killed_by":{"minecraft:player":6,"minecraft:creeper":1,"minecraft:slime":2,"minecraft:skeleton":2},"minecraft:broken":{"minecraft:leather_helmet":1},"minecraft:dropped":{"minecraft:enchanted_book":8,"minecraft:iron_ingot":11,"pixelmon:poke_ball_lid":1,"minecraft:porkchop":6,"minecraft:ender_pearl":1,"lucky:lucky_block":1,"minecraft:bookshelf":22,"minecraft:prismarine_shard":23,"minecraft:prismarine_crystals":21,"minecraft:leather":2,"lucky:pixelmon_lucky_block":6,"minecraft:pufferfish":4,"minecraft:lava_bucket":1,"minecraft:oxeye_daisy":8,"minecraft:panda_spawn_egg":1,"minecraft:milk_bucket":1,"minecraft:potion":4,"minecraft:gold_nugget":4,"minecraft:glistering_melon_slice":1,"minecraft:music_disc_blocks":1,"minecraft:pink_tulip":8,"minecraft:lever":2,"minecraft:green_terracotta":3,"minecraft:lime_concrete":2,"minecraft:rotten_flesh":4,"minecraft:slime_block":2,"minecraft:green_concrete":3,"minecraft:azure_bluet":11,"minecraft:poppy":12,"minecraft:sea_lantern":6,"minecraft:quartz_stairs":2,"minecraft:frog_spawn_egg":1,"minecraft:nether_quartz_ore":29,"minecraft:written_book":2,"minecraft:splash_potion":3,"pixelmon:poke_ball":58,"minecraft:quartz_slab":3},"minecraft:used":{"pixelmon:beast_chest":1,"minecraft:tropical_fish":4,"minecraft:ladder":2,"minecraft:elytra":5,"minecraft:iron_sword":14,"minecraft:chainmail_chestplate":1,"minecraft:diamond_helmet":1,"minecraft:wooden_axe":7,"minecraft:lava_bucket":1,"minecraft:quartz_slab":3,"lucky:lucky_block":61,"minecraft:quartz_block":2,"minecraft:diamond_chestplate":1,"minecraft:bow":16,"minecraft:written_book":1,"minecraft:golden_axe":9,"lucky:pixelmon_lucky_block":42,"minecraft:witch_spawn_egg":1,"minecraft:wooden_pickaxe":2,"pixelmon:orange_trade_machine":2,"pixelmon:white_pc":2,"minecraft:crafting_table":2,"minecraft:painting":3,"minecraft:endermite_spawn_egg":1,"minecraft:firework_rocket":56,"minecraft:heavy_weighted_pressure_plate":1,"minecraft:golden_leggings":2,"minecraft:fishing_rod":13,"minecraft:diamond_sword":11,"minecraft:bucket":1,"minecraft:end_portal_frame":3,"minecraft:goat_spawn_egg":1,"pixelmon:orange_healer":1}},"DataVersion":3465}