{"stats":{"minecraft:used":{"minecraft:stone_sword":101,"minecraft:acacia_log":2,"minecraft:shield":12,"minecraft:orange_bed":1,"minecraft:torch":48,"minecraft:dirt":25,"minecraft:diamond_helmet":2,"minecraft:wooden_axe":1,"minecraft:egg":1,"comforts:sleeping_bag_white":2,"minecraft:cooked_mutton":7,"minecraft:water_bucket":39,"minecraft:oak_planks":10,"minecraft:stone_pickaxe":115,"minecraft:wooden_pickaxe":59,"minecraft:crafting_table":13,"minecraft:blast_furnace":1,"minecraft:black_bed":2,"minecraft:smoker":5,"minecraft:diamond_pickaxe":13,"minecraft:bread":10,"minecraft:stone_button":1,"minecraft:iron_pickaxe":199,"minecraft:iron_door":1,"minecraft:stone_axe":146,"minecraft:cobblestone":26,"minecraft:cooked_porkchop":19,"minecraft:bucket":37,"minecraft:bone_meal":28},"minecraft:killed":{"minecraft:spider":5,"minecraft:skeleton":11,"minecraft:husk":3,"minecraft:pig":17,"cobblemon:pokemon":1,"minecraft:zombie_villager":1,"minecraft:creeper":2,"minecraft:sheep":5,"minecraft:pillager":1,"minecraft:zombie":9,"minecraft:cow":1},"minecraft:killed_by":{"minecraft:skeleton":2,"minecraft:zombie":2},"minecraft:custom":{"minecraft:mob_kills":58,"minecraft:interact_with_anvil":1,"minecraft:interact_with_crafting_table":32,"minecraft:open_barrel":72,"minecraft:eat_cake_slice":7,"minecraft:leave_game":1,"minecraft:time_since_death":68673,"minecraft:climb_one_cm":7083,"minecraft:sprint_one_cm":464652,"minecraft:walk_one_cm":526698,"minecraft:damage_blocked_by_shield":345,"minecraft:drop":43,"minecraft:play_time":166960,"minecraft:deaths":4,"minecraft:sneak_time":6679,"minecraft:walk_under_water_one_cm":16298,"minecraft:jump":2053,"minecraft:interact_with_blast_furnace":9,"minecraft:walk_on_water_one_cm":29546,"minecraft:total_world_time":166960,"minecraft:interact_with_furnace":20,"minecraft:sleep_in_bed":7,"minecraft:time_since_rest":41271,"minecraft:damage_taken":3475,"minecraft:trigger_trapped_chest":1,"minecraft:damage_dealt":9723,"minecraft:swim_one_cm":40948,"minecraft:fly_one_cm":459709,"minecraft:player_kills":1,"minecraft:open_chest":23,"minecraft:crouch_one_cm":15148,"minecraft:interact_with_smoker":29,"minecraft:fall_one_cm":36907},"minecraft:mined":{"minecraft:large_amethyst_bud":2,"minecraft:deepslate_diamond_ore":2,"minecraft:red_nether_bricks":1,"minecraft:obsidian":10,"minecraft:nether_bricks":1,"minecraft:budding_amethyst":1,"minecraft:acacia_log":30,"minecraft:grass_block":4,"biomesoplenty:dried_salt":1,"minecraft:spruce_leaves":13,"minecraft:spawner":2,"minecraft:magma_block":1,"minecraft:redstone_ore":1,"minecraft:furnace":2,"minecraft:iron_ore":26,"minecraft:fire":1,"minecraft:anvil":1,"minecraft:gold_block":16,"cobblemon:medicinal_leek":8,"minecraft:mossy_stone_brick_stairs":1,"minecraft:deepslate_iron_ore":13,"minecraft:vine":4,"minecraft:small_amethyst_bud":1,"minecraft:stone":132,"minecraft:bone_block":21,"minecraft:orange_bed":1,"biomesoplenty:jacaranda_leaves":3,"minecraft:deepslate_redstone_ore":1,"minecraft:acacia_leaves":3,"minecraft:blackstone":1,"minecraft:smoker":4,"minecraft:medium_amethyst_bud":4,"cobblemon:revival_herb":2,"minecraft:amethyst_cluster":2,"minecraft:crafting_table":11,"minecraft:torch":8,"minecraft:blast_furnace":2,"minecraft:calcite":1,"minecraft:tall_grass":3,"minecraft:copper_ore":19,"minecraft:cobblestone":15,"minecraft:deepslate_gold_ore":7,"minecraft:damaged_anvil":1,"minecraft:oak_planks":1,"minecraft:iron_door":1,"minecraft:wall_torch":3,"minecraft:amethyst_block":3,"minecraft:stone_brick_stairs":1,"minecraft:black_bed":2,"minecraft:grass":42,"biomesoplenty:clover":1,"minecraft:oak_log":18,"minecraft:coal_ore":29,"minecraft:gravel":3,"minecraft:dirt":7,"minecraft:cobweb":4,"minecraft:cracked_stone_bricks":2,"minecraft:smooth_basalt":2,"minecraft:netherrack":2,"minecraft:gold_ore":19,"minecraft:oak_leaves":1,"minecraft:deepslate":2},"minecraft:crafted":{"minecraft:oak_planks":36,"comforts:sleeping_bag_white":1,"minecraft:furnace":1,"minecraft:bone_meal":81,"minecraft:cooked_mutton":7,"minecraft:stone_pickaxe":1,"minecraft:smoker":1,"minecraft:cooked_porkchop":30,"minecraft:crafting_table":3,"minecraft:wooden_pickaxe":1,"minecraft:bucket":1,"minecraft:stone_axe":2,"minecraft:air":0,"minecraft:diamond_pickaxe":1,"minecraft:shield":1,"minecraft:stick":16,"minecraft:iron_pickaxe":1,"minecraft:iron_ingot":13,"minecraft:wooden_axe":1,"minecraft:stone_sword":1,"minecraft:gold_ingot":4,"minecraft:iron_leggings":1,"minecraft:acacia_planks":64,"minecraft:torch":4,"cobblemon:ultra_ball":12},"minecraft:broken":{"minecraft:stone_sword":1,"minecraft:wooden_pickaxe":1,"minecraft:stone_pickaxe":1,"minecraft:stone_axe":1},"minecraft:picked_up":{"minecraft:wooden_axe":1,"minecraft:crafting_table":14,"minecraft:leather_leggings":1,"minecraft:anvil":4,"cobblemon:yellow_apricorn":17,"cobblemon:red_apricorn":22,"minecraft:wooden_pickaxe":1,"minecraft:gold_block":17,"minecraft:shield":3,"minecraft:string":19,"cobblemon:revival_herb":6,"minecraft:raw_copper":59,"minecraft:red_nether_bricks":3,"cobblemon:white_apricorn":8,"minecraft:iron_leggings":3,"minecraft:cobbled_deepslate":4,"cobblemon:white_apricorn_seed":1,"comforts:sleeping_bag_white":5,"minecraft:beef":30,"cobblemon:oran_berry":32,"minecraft:poppy":1,"minecraft:iron_pickaxe":3,"cobblemon:pep_up_flower":4,"minecraft:egg":4,"minecraft:furnace":8,"minecraft:stick":35,"minecraft:raw_iron":41,"cobblemon:apricorn_log":1,"minecraft:copper_ingot":24,"minecraft:torch":21,"minecraft:acacia_log":42,"sophisticatedbackpacks:backpack":3,"minecraft:porkchop":60,"minecraft:stone_button":1,"minecraft:redstone":8,"minecraft:orange_bed":1,"minecraft:stone_sword":4,"minecraft:arrow":59,"minecraft:rotten_flesh":23,"minecraft:light_blue_wool":2,"minecraft:obsidian":10,"minecraft:bone_block":34,"minecraft:mutton":18,"minecraft:cobblestone":417,"minecraft:white_wool":10,"minecraft:oxeye_daisy":2,"minecraft:air":0,"cobblemon_armor_sets:pokemon_scraps":3,"minecraft:iron_door":1,"minecraft:glow_ink_sac":2,"minecraft:water_bucket":3,"minecraft:black_bed":3,"minecraft:leather":21,"minecraft:smoker":8,"minecraft:potato":1,"minecraft:oak_log":18,"minecraft:gunpowder":2,"minecraft:lapis_lazuli":15,"minecraft:dirt":119,"cobblemon:pink_apricorn_seed":1,"minecraft:cooked_mutton":3,"minecraft:bone":28,"minecraft:acacia_planks":160,"minecraft:bow":1,"cobblemon:black_apricorn":10,"minecraft:wheat_seeds":16,"minecraft:raw_gold":26,"minecraft:stone_pickaxe":1,"cobblemon:coba_berry":8,"minecraft:diamond_helmet":1,"minecraft:acacia_sapling":2,"minecraft:oak_planks":122,"minecraft:black_candle":1,"minecraft:cooked_porkchop":18,"patchouli:guide_book":8,"cobblemon:black_apricorn_seed":2,"minecraft:dandelion":2,"cobblemon:blue_apricorn_seed":1,"minecraft:amethyst_shard":28,"cobblemon:yellow_apricorn_seed":4,"minecraft:spruce_sapling":5,"minecraft:blast_furnace":5,"minecraft:spider_eye":2,"cobblemon:poke_ball":33,"minecraft:diamond":2,"minecraft:stone_axe":5,"minecraft:bone_meal":2,"minecraft:golden_apple":1,"minecraft:bread":14,"minecraft:damaged_anvil":1,"minecraft:netherrack":2,"cobblemon:medicinal_leek":17,"minecraft:black_wool":2,"minecraft:coal":245},"minecraft:dropped":{"minecraft:wheat_seeds":13,"minecraft:oak_log":9,"minecraft:crafting_table":1,"minecraft:cooked_porkchop":11,"minecraft:iron_helmet":1,"minecraft:acacia_log":9,"minecraft:coal":4,"minecraft:oxeye_daisy":2,"cobblemon:apricorn_log":1,"minecraft:black_candle":1,"minecraft:light_blue_wool":1,"minecraft:wooden_axe":1,"cobblemon:pep_up_flower":2,"minecraft:diamond_helmet":1,"minecraft:iron_leggings":1,"minecraft:bone_meal":1,"minecraft:string":2,"minecraft:white_wool":1,"minecraft:bone":6,"minecraft:spruce_sapling":3,"minecraft:dandelion":2,"minecraft:rotten_flesh":6,"minecraft:damaged_anvil":1,"minecraft:cooked_mutton":3,"cobblemon:coba_berry":8,"patchouli:guide_book":2,"minecraft:poppy":1,"minecraft:potato":1,"minecraft:diamond_chestplate":1,"minecraft:diamond_pickaxe":1,"minecraft:acacia_sapling":2,"minecraft:spider_eye":1,"minecraft:diamond_boots":1,"minecraft:bow":1,"minecraft:netherrack":2}},"DataVersion":3465}