{"stats":{"minecraft:mined":{"minecraft:grass":5,"minecraft:acacia_log":2},"minecraft:custom":{"minecraft:jump":28,"minecraft:time_since_rest":5544,"minecraft:damage_dealt":10,"minecraft:crouch_one_cm":707,"minecraft:sprint_one_cm":1607,"minecraft:play_time":5544,"minecraft:damage_taken":10,"minecraft:time_since_death":5544,"minecraft:walk_one_cm":3944,"minecraft:sneak_time":127,"minecraft:total_world_time":5544,"minecraft:fall_one_cm":209,"minecraft:fly_one_cm":747},"minecraft:picked_up":{"minecraft:acacia_log":2}},"DataVersion":3465}