{"stats":{"minecraft:used":{"minecraft:stone_sword":77,"minecraft:acacia_log":2,"minecraft:shield":4,"minecraft:orange_bed":1,"minecraft:torch":48,"minecraft:dirt":15,"minecraft:wooden_axe":1,"minecraft:egg":1,"comforts:sleeping_bag_white":1,"minecraft:stone_pickaxe":115,"minecraft:oak_planks":2,"minecraft:wooden_pickaxe":59,"minecraft:crafting_table":9,"minecraft:blast_furnace":1,"minecraft:smoker":2,"minecraft:bread":10,"minecraft:iron_pickaxe":94,"minecraft:stone_button":1,"minecraft:iron_door":1,"minecraft:stone_axe":110,"minecraft:cooked_porkchop":10,"minecraft:bone_meal":9},"minecraft:killed":{"minecraft:spider":3,"minecraft:skeleton":3,"minecraft:pig":17,"cobblemon:pokemon":1,"minecraft:zombie_villager":1,"minecraft:creeper":2,"minecraft:sheep":5,"minecraft:zombie":8,"minecraft:cow":1},"minecraft:killed_by":{"minecraft:zombie":2},"minecraft:custom":{"minecraft:mob_kills":43,"minecraft:interact_with_anvil":1,"minecraft:interact_with_crafting_table":23,"minecraft:open_barrel":3,"minecraft:leave_game":1,"minecraft:time_since_death":30141,"minecraft:climb_one_cm":6440,"minecraft:sprint_one_cm":220748,"minecraft:walk_one_cm":281811,"minecraft:damage_blocked_by_shield":110,"minecraft:drop":23,"minecraft:play_time":78517,"minecraft:deaths":2,"minecraft:sneak_time":4483,"minecraft:walk_under_water_one_cm":10449,"minecraft:jump":946,"minecraft:interact_with_blast_furnace":9,"minecraft:walk_on_water_one_cm":11629,"minecraft:total_world_time":78517,"minecraft:interact_with_furnace":20,"minecraft:sleep_in_bed":3,"minecraft:time_since_rest":29170,"minecraft:damage_taken":1809,"minecraft:damage_dealt":6563,"minecraft:player_kills":1,"minecraft:swim_one_cm":20136,"minecraft:fly_one_cm":147123,"minecraft:open_chest":6,"minecraft:crouch_one_cm":11791,"minecraft:interact_with_smoker":15,"minecraft:fall_one_cm":14818},"minecraft:mined":{"minecraft:large_amethyst_bud":1,"minecraft:deepslate_diamond_ore":2,"minecraft:budding_amethyst":1,"minecraft:acacia_log":30,"minecraft:grass_block":3,"minecraft:spruce_leaves":13,"minecraft:redstone_ore":1,"minecraft:furnace":2,"minecraft:iron_ore":25,"minecraft:anvil":1,"minecraft:gold_block":1,"cobblemon:medicinal_leek":7,"minecraft:vine":4,"minecraft:small_amethyst_bud":1,"minecraft:stone":107,"minecraft:orange_bed":1,"minecraft:deepslate_redstone_ore":1,"minecraft:acacia_leaves":3,"minecraft:medium_amethyst_bud":4,"minecraft:smoker":2,"minecraft:amethyst_cluster":1,"minecraft:crafting_table":9,"minecraft:torch":8,"minecraft:blast_furnace":2,"minecraft:calcite":1,"minecraft:tall_grass":3,"minecraft:copper_ore":19,"minecraft:cobblestone":14,"minecraft:deepslate_gold_ore":2,"minecraft:oak_planks":1,"minecraft:iron_door":1,"minecraft:wall_torch":3,"minecraft:amethyst_block":3,"minecraft:black_bed":1,"minecraft:grass":40,"biomesoplenty:clover":1,"minecraft:oak_log":18,"minecraft:coal_ore":29,"minecraft:dirt":4,"minecraft:cobweb":4,"minecraft:smooth_basalt":2,"minecraft:gold_ore":19,"minecraft:oak_leaves":1,"minecraft:deepslate":1},"minecraft:crafted":{"minecraft:oak_planks":36,"comforts:sleeping_bag_white":1,"minecraft:furnace":1,"minecraft:bone_meal":9,"minecraft:stone_pickaxe":1,"minecraft:smoker":1,"minecraft:cooked_porkchop":29,"minecraft:crafting_table":1,"minecraft:wooden_pickaxe":1,"minecraft:bucket":1,"minecraft:stone_axe":2,"minecraft:air":0,"minecraft:shield":1,"minecraft:stick":16,"minecraft:iron_ingot":13,"minecraft:iron_pickaxe":1,"minecraft:wooden_axe":1,"minecraft:stone_sword":1,"minecraft:iron_leggings":1,"minecraft:gold_ingot":4,"minecraft:acacia_planks":64,"minecraft:torch":4},"minecraft:broken":{"minecraft:wooden_pickaxe":1,"minecraft:stone_pickaxe":1,"minecraft:stone_axe":1},"minecraft:picked_up":{"minecraft:wooden_axe":1,"minecraft:crafting_table":11,"minecraft:anvil":1,"cobblemon:yellow_apricorn":8,"cobblemon:red_apricorn":16,"minecraft:wooden_pickaxe":1,"minecraft:gold_block":1,"minecraft:string":7,"minecraft:raw_copper":59,"minecraft:cobbled_deepslate":1,"comforts:sleeping_bag_white":1,"minecraft:beef":3,"cobblemon:oran_berry":6,"minecraft:poppy":1,"minecraft:egg":2,"minecraft:furnace":2,"minecraft:stick":14,"minecraft:raw_iron":24,"minecraft:torch":15,"minecraft:acacia_log":42,"minecraft:porkchop":60,"minecraft:stone_button":1,"minecraft:redstone":8,"minecraft:orange_bed":1,"minecraft:stone_sword":1,"minecraft:arrow":14,"minecraft:rotten_flesh":21,"minecraft:light_blue_wool":2,"minecraft:mutton":18,"minecraft:white_wool":10,"minecraft:cobblestone":187,"minecraft:oxeye_daisy":2,"minecraft:air":0,"cobblemon_armor_sets:pokemon_scraps":3,"minecraft:iron_door":1,"minecraft:glow_ink_sac":2,"minecraft:black_bed":1,"minecraft:smoker":3,"minecraft:potato":1,"minecraft:oak_log":18,"minecraft:gunpowder":2,"minecraft:dirt":38,"cobblemon:pink_apricorn_seed":1,"minecraft:bone":7,"minecraft:acacia_planks":28,"minecraft:bow":1,"minecraft:wheat_seeds":12,"minecraft:raw_gold":21,"minecraft:stone_pickaxe":1,"minecraft:acacia_sapling":2,"minecraft:oak_planks":29,"patchouli:guide_book":8,"minecraft:dandelion":2,"cobblemon:blue_apricorn_seed":1,"minecraft:amethyst_shard":6,"cobblemon:yellow_apricorn_seed":1,"minecraft:spruce_sapling":5,"minecraft:blast_furnace":2,"minecraft:spider_eye":2,"minecraft:diamond":2,"minecraft:stone_axe":2,"minecraft:bread":14,"cobblemon:medicinal_leek":14,"minecraft:coal":34,"minecraft:black_wool":2},"minecraft:dropped":{"minecraft:wheat_seeds":9,"minecraft:oak_log":9,"minecraft:crafting_table":1,"minecraft:cooked_porkchop":11,"minecraft:acacia_log":9,"minecraft:oxeye_daisy":2,"minecraft:light_blue_wool":1,"minecraft:wooden_axe":1,"minecraft:white_wool":1,"minecraft:spruce_sapling":3,"minecraft:dandelion":2,"minecraft:rotten_flesh":4,"patchouli:guide_book":2,"minecraft:poppy":1,"minecraft:potato":1,"minecraft:acacia_sapling":2,"minecraft:spider_eye":1,"minecraft:bow":1}},"DataVersion":3465}