{"stats":{"minecraft:used":{"minecraft:stone_sword":86,"minecraft:acacia_log":2,"minecraft:shield":12,"minecraft:orange_bed":1,"minecraft:torch":48,"minecraft:dirt":15,"minecraft:diamond_helmet":2,"minecraft:wooden_axe":1,"minecraft:egg":1,"comforts:sleeping_bag_white":1,"minecraft:water_bucket":30,"minecraft:oak_planks":10,"minecraft:stone_pickaxe":115,"minecraft:wooden_pickaxe":59,"minecraft:crafting_table":10,"minecraft:blast_furnace":1,"minecraft:black_bed":2,"minecraft:smoker":2,"minecraft:bread":10,"minecraft:stone_button":1,"minecraft:iron_pickaxe":150,"minecraft:iron_door":1,"minecraft:stone_axe":126,"minecraft:cobblestone":26,"minecraft:cooked_porkchop":18,"minecraft:bucket":28,"minecraft:bone_meal":9},"minecraft:killed":{"minecraft:spider":4,"minecraft:skeleton":7,"minecraft:pig":17,"cobblemon:pokemon":1,"minecraft:zombie_villager":1,"minecraft:creeper":2,"minecraft:sheep":5,"minecraft:zombie":8,"minecraft:cow":1},"minecraft:killed_by":{"minecraft:skeleton":2,"minecraft:zombie":2},"minecraft:custom":{"minecraft:mob_kills":48,"minecraft:interact_with_anvil":1,"minecraft:interact_with_crafting_table":23,"minecraft:open_barrel":58,"minecraft:leave_game":1,"minecraft:time_since_death":20673,"minecraft:climb_one_cm":6440,"minecraft:sprint_one_cm":308870,"minecraft:walk_one_cm":381047,"minecraft:damage_blocked_by_shield":345,"minecraft:drop":27,"minecraft:play_time":118960,"minecraft:deaths":4,"minecraft:sneak_time":5859,"minecraft:walk_under_water_one_cm":12208,"minecraft:jump":1324,"minecraft:interact_with_blast_furnace":9,"minecraft:walk_on_water_one_cm":21524,"minecraft:total_world_time":118960,"minecraft:interact_with_furnace":20,"minecraft:sleep_in_bed":5,"minecraft:time_since_rest":16713,"minecraft:damage_taken":3030,"minecraft:damage_dealt":7772,"minecraft:swim_one_cm":23677,"minecraft:fly_one_cm":237530,"minecraft:player_kills":1,"minecraft:open_chest":14,"minecraft:crouch_one_cm":15020,"minecraft:interact_with_smoker":15,"minecraft:fall_one_cm":20546},"minecraft:mined":{"minecraft:large_amethyst_bud":1,"minecraft:deepslate_diamond_ore":2,"minecraft:red_nether_bricks":1,"minecraft:nether_bricks":1,"minecraft:budding_amethyst":1,"minecraft:acacia_log":30,"minecraft:grass_block":4,"minecraft:spruce_leaves":13,"minecraft:spawner":2,"minecraft:redstone_ore":1,"minecraft:furnace":2,"minecraft:iron_ore":26,"minecraft:fire":1,"minecraft:anvil":1,"minecraft:gold_block":15,"cobblemon:medicinal_leek":7,"minecraft:mossy_stone_brick_stairs":1,"minecraft:vine":4,"minecraft:small_amethyst_bud":1,"minecraft:stone":132,"minecraft:orange_bed":1,"biomesoplenty:jacaranda_leaves":3,"minecraft:deepslate_redstone_ore":1,"minecraft:acacia_leaves":3,"minecraft:smoker":2,"minecraft:medium_amethyst_bud":4,"minecraft:amethyst_cluster":1,"minecraft:crafting_table":9,"minecraft:torch":8,"minecraft:blast_furnace":2,"minecraft:calcite":1,"minecraft:tall_grass":3,"minecraft:copper_ore":19,"minecraft:cobblestone":15,"minecraft:deepslate_gold_ore":2,"minecraft:oak_planks":1,"minecraft:iron_door":1,"minecraft:wall_torch":3,"minecraft:amethyst_block":3,"minecraft:stone_brick_stairs":1,"minecraft:black_bed":2,"minecraft:grass":40,"biomesoplenty:clover":1,"minecraft:oak_log":18,"minecraft:coal_ore":29,"minecraft:gravel":3,"minecraft:dirt":7,"minecraft:cobweb":4,"minecraft:cracked_stone_bricks":2,"minecraft:smooth_basalt":2,"minecraft:gold_ore":19,"minecraft:oak_leaves":1,"minecraft:deepslate":1},"minecraft:crafted":{"minecraft:oak_planks":36,"comforts:sleeping_bag_white":1,"minecraft:furnace":1,"minecraft:bone_meal":9,"minecraft:stone_pickaxe":1,"minecraft:smoker":1,"minecraft:cooked_porkchop":29,"minecraft:crafting_table":1,"minecraft:wooden_pickaxe":1,"minecraft:bucket":1,"minecraft:stone_axe":2,"minecraft:air":0,"minecraft:shield":1,"minecraft:stick":16,"minecraft:iron_pickaxe":1,"minecraft:iron_ingot":13,"minecraft:wooden_axe":1,"minecraft:stone_sword":1,"minecraft:gold_ingot":4,"minecraft:iron_leggings":1,"minecraft:acacia_planks":64,"minecraft:torch":4},"minecraft:broken":{"minecraft:wooden_pickaxe":1,"minecraft:stone_pickaxe":1,"minecraft:stone_axe":1},"minecraft:picked_up":{"minecraft:wooden_axe":1,"minecraft:crafting_table":12,"minecraft:leather_leggings":1,"minecraft:anvil":4,"cobblemon:yellow_apricorn":17,"cobblemon:red_apricorn":22,"minecraft:wooden_pickaxe":1,"minecraft:gold_block":16,"minecraft:shield":3,"minecraft:string":17,"minecraft:raw_copper":59,"minecraft:red_nether_bricks":3,"cobblemon:white_apricorn":8,"minecraft:iron_leggings":3,"minecraft:cobbled_deepslate":4,"cobblemon:white_apricorn_seed":1,"comforts:sleeping_bag_white":4,"minecraft:beef":30,"cobblemon:oran_berry":18,"minecraft:poppy":1,"minecraft:iron_pickaxe":3,"minecraft:egg":2,"minecraft:furnace":8,"minecraft:stick":35,"minecraft:raw_iron":28,"cobblemon:apricorn_log":1,"minecraft:copper_ingot":24,"minecraft:torch":21,"minecraft:acacia_log":42,"sophisticatedbackpacks:backpack":3,"minecraft:porkchop":60,"minecraft:stone_button":1,"minecraft:redstone":8,"minecraft:orange_bed":1,"minecraft:stone_sword":4,"minecraft:arrow":56,"minecraft:rotten_flesh":21,"minecraft:light_blue_wool":2,"minecraft:mutton":18,"minecraft:cobblestone":417,"minecraft:white_wool":10,"minecraft:oxeye_daisy":2,"minecraft:air":0,"cobblemon_armor_sets:pokemon_scraps":3,"minecraft:iron_door":1,"minecraft:glow_ink_sac":2,"minecraft:water_bucket":3,"minecraft:black_bed":3,"minecraft:leather":21,"minecraft:smoker":6,"minecraft:potato":1,"minecraft:oak_log":18,"minecraft:gunpowder":2,"minecraft:lapis_lazuli":15,"minecraft:dirt":119,"cobblemon:pink_apricorn_seed":1,"minecraft:bone":19,"minecraft:acacia_planks":160,"minecraft:bow":1,"minecraft:wheat_seeds":14,"minecraft:raw_gold":21,"minecraft:stone_pickaxe":1,"minecraft:diamond_helmet":1,"minecraft:acacia_sapling":2,"minecraft:oak_planks":122,"minecraft:cooked_porkchop":18,"patchouli:guide_book":8,"minecraft:dandelion":2,"cobblemon:blue_apricorn_seed":1,"minecraft:amethyst_shard":24,"cobblemon:yellow_apricorn_seed":4,"minecraft:spruce_sapling":5,"minecraft:blast_furnace":5,"minecraft:spider_eye":2,"cobblemon:poke_ball":33,"minecraft:diamond":2,"minecraft:stone_axe":5,"minecraft:golden_apple":1,"minecraft:bread":14,"cobblemon:medicinal_leek":14,"minecraft:black_wool":2,"minecraft:coal":241},"minecraft:dropped":{"minecraft:wheat_seeds":11,"minecraft:oak_log":9,"minecraft:crafting_table":1,"minecraft:cooked_porkchop":11,"minecraft:iron_helmet":1,"minecraft:acacia_log":9,"minecraft:oxeye_daisy":2,"cobblemon:apricorn_log":1,"minecraft:light_blue_wool":1,"minecraft:wooden_axe":1,"minecraft:diamond_helmet":1,"minecraft:white_wool":1,"minecraft:spruce_sapling":3,"minecraft:dandelion":2,"minecraft:rotten_flesh":4,"patchouli:guide_book":2,"minecraft:poppy":1,"minecraft:potato":1,"minecraft:acacia_sapling":2,"minecraft:spider_eye":1,"minecraft:bow":1}},"DataVersion":3465}