{"stats":{"minecraft:picked_up":{"minecraft:wooden_axe":4,"cobblemon:leaf_stone":1,"minecraft:iron_chestplate":7,"minecraft:wheat":103,"minecraft:anvil":3,"minecraft:lead":1,"cobblemon:red_apricorn":19,"cobblemon:charti_berry":22,"minecraft:enchanted_book":9,"minecraft:polished_deepslate":1,"minecraft:string":85,"minecraft:dark_oak_trapdoor":3,"minecraft:raw_copper":195,"minecraft:iron_leggings":10,"minecraft:cobbled_deepslate":148,"minecraft:smooth_stone":11,"minecraft:bucket":6,"biomesoplenty:fir_planks":1315,"cobblemon:white_apricorn_seed":1,"cobblemon:oran_berry":393,"minecraft:calcite":2,"minecraft:azalea":2,"minecraft:iron_pickaxe":30,"cobblemon:quick_ball":187,"minecraft:furnace":5,"minecraft:iron_boots":14,"cobblemon:apricorn_log":10,"minecraft:stick":17,"cobblemon:spell_tag":2,"cobblemon:pc":2,"minecraft:birch_trapdoor":1,"minecraft:torch":11,"minecraft:pointed_dripstone":131,"minecraft:diorite":1,"cobblemon:never_melt_ice":1,"minecraft:honey_bottle":1,"minecraft:rotten_flesh":49,"minecraft:bookshelf":26,"minecraft:cobblestone":770,"minecraft:birch_log":2,"minecraft:pink_petals":2,"cobblemon_armor_sets:pokemon_scraps":10,"create:fluid_tank":1,"minecraft:iron_door":3,"minecraft:water_bucket":4,"minecraft:smoker":8,"biomesoplenty:fir_sapling":7,"biomesoplenty:fir_log":45,"minecraft:flint":3,"minecraft:tuff":125,"minecolonies:blockhutbuilder":1,"cobblemon:soft_sand":1,"megamons:anistarite_geode_block":21,"minecraft:lapis_lazuli":312,"minecraft:dirt":391,"minecraft:name_tag":2,"minecraft:bone":118,"cobblemon:black_apricorn":49,"minecraft:wheat_seeds":32,"minecraft:raw_gold":272,"cobblemon:thunder_stone":3,"minecraft:diamond_helmet":8,"minecraft:moss_block":38,"patchouli:guide_book":2,"cobblemon:fire_stone":1,"minecraft:mossy_cobblestone":7,"megamons:anistarite_rough_geode_block":3,"minecraft:diamond":57,"cobblemon:poke_ball":88,"minecraft:bread":829,"minecraft:emerald":126,"minecraft:rooted_dirt":1,"cobblemon:chesto_berry":5,"sophisticatedbackpacks:gold_backpack":2,"minecraft:crafting_table":7,"minecraft:coarse_dirt":1,"cobblemon:yellow_apricorn":35,"minecraft:brown_mushroom":6,"minecraft:wooden_pickaxe":3,"megamons:raw_garchompite":2,"biomesoplenty:fir_door":22,"minecraft:moss_carpet":32,"create:fluid_pipe":2,"cobblemon:lum_berry":2,"cobblemon:revival_herb":63,"minecraft:wooden_sword":3,"cobblemon:white_apricorn":11,"minecraft:iron_shovel":1,"minecraft:beef":20,"minecraft:poppy":3,"cobblemon:dusk_stone":2,"cobblemon:pep_up_flower":31,"minecraft:raw_copper_block":2,"minecraft:dark_oak_sapling":2,"minecraft:raw_iron":273,"minecraft:copper_ingot":16,"sophisticatedbackpacks:backpack":13,"structurize:sceptergold":10,"minecraft:redstone":7,"minecraft:dark_oak_planks":3,"minecraft:arrow":234,"minecraft:hay_block":83,"cobblemon:black_augurite":2,"minecraft:gold_ingot":50,"minecraft:glow_berries":2,"minecraft:tripwire_hook":22,"minecraft:leather":9,"minecraft:red_mushroom":2,"minecraft:waxed_copper_block":2,"cobblemon:peat_block":2,"minecraft:cobblestone_stairs":11,"minecraft:iron_ingot":163,"minecraft:glass_bottle":3,"minecraft:flowering_azalea":7,"minecraft:iron_sword":11,"minecraft:book":154,"cobblemon:red_apricorn_seed":1,"minecraft:sweet_berries":4,"cobblemon:black_apricorn_seed":3,"minecraft:dripstone_block":124,"cobblemon:cheri_berry":4,"cobblemon:yellow_apricorn_seed":3,"minecraft:amethyst_shard":114,"minecraft:red_banner":1,"minecraft:blast_furnace":25,"minecraft:spider_eye":9,"cobblemon_armor_sets:cosplaymakingguide":13,"minecraft:stone_axe":9,"create:mechanical_pump":1,"minecraft:diamond_axe":2,"cobblemon:water_stone":4,"minecraft:coal":1272,"minecraft:ender_pearl":1},"minecraft:dropped":{"minecraft:brown_mushroom":5,"minecraft:diamond_axe":1,"minecraft:dark_oak_sapling":1,"biomesoplenty:fir_sapling":3,"minecraft:dirt":71,"minecraft:raw_copper_block":2,"cobblemon:poke_ball":8,"minecraft:amethyst_shard":40,"minecraft:gold_ingot":12,"minecraft:bone":7,"cobblemizer:gender_swapper":1,"minecraft:wheat":131,"minecraft:pointed_dripstone":23,"cobblemon:cheri_berry":4,"minecraft:rotten_flesh":24,"minecraft:waxed_copper_block":2,"patchouli:guide_book":1,"minecraft:poppy":1,"minecraft:birch_trapdoor":1,"minecraft:azalea":1,"minecraft:beef":7,"minecraft:wheat_seeds":15,"minecraft:mossy_cobblestone":2,"minecraft:bookshelf":4,"minecraft:lead":1,"minecraft:copper_ingot":44,"minecraft:stick":2,"minecraft:wooden_axe":1,"minecraft:iron_door":1,"minecraft:diamond_helmet":1,"minecraft:iron_leggings":1,"minecraft:smooth_stone":3,"minecraft:iron_shovel":1,"minecraft:string":2,"minecraft:pink_petals":1,"minecraft:moss_carpet":3,"minecraft:sweet_berries":4,"minecraft:raw_copper":62,"cobblemon:charti_berry":5,"minecraft:iron_boots":2,"cobblemon:quick_ball":16,"sophisticatedbackpacks:backpack":2,"minecraft:name_tag":2,"minecraft:hay_block":34,"biomesoplenty:fir_planks":8,"minecraft:calcite":2},"minecraft:killed_by":{"minecraft:creeper":1,"minecraft:vindicator":7,"minecraft:zombie":11,"minecraft:skeleton":3},"minecraft:killed":{"minecraft:cave_spider":7,"minecraft:spider":19,"minecraft:skeleton":46,"minecraft:zombie_villager":4,"minecraft:creeper":3,"minecraft:zombie":86,"minecraft:cow":6,"minecraft:vindicator":1,"cobblemon:pokemon":22,"minecraft:bat":3,"minecraft:player":1,"minecraft:enderman":1},"minecraft:broken":{"minecraft:iron_boots":1,"minecraft:iron_chestplate":1},"minecraft:used":{"minecraft:iron_sword":698,"cobblemon:pep_up_flower":1,"minecraft:iron_chestplate":2,"minecraft:tuff":5,"minecraft:lava_bucket":7,"biomesoplenty:fir_sapling":1,"minecraft:furnace":5,"minecraft:stone_pickaxe":121,"minecraft:wooden_pickaxe":21,"biomesoplenty:fir_planks":3,"minecraft:diamond_axe":75,"minecraft:glow_berries":3,"minecraft:blast_furnace":8,"cobblemon:yellow_apricorn_seed":1,"minecraft:dripstone_block":118,"minecraft:bread":123,"minecraft:iron_door":1,"minecraft:wooden_sword":22,"minecraft:bone_meal":215,"minecraft:stone_sword":12,"minecraft:flint_and_steel":1,"minecraft:dirt":10,"minecraft:anvil":1,"minecraft:diamond_helmet":2,"minecraft:wooden_axe":5,"minecraft:dark_oak_planks":1,"minecraft:rooted_dirt":1,"cobblemon:pc":2,"minecraft:raw_copper_block":2,"minecraft:cooked_beef":2,"minecraft:wheat_seeds":16,"minecraft:water_bucket":30,"minecraft:crafting_table":15,"cobblemon:black_apricorn_seed":1,"cobblemon:healing_machine":1,"minecraft:smoker":2,"minecraft:amethyst_cluster":3,"minecraft:diamond_pickaxe":15,"minecraft:iron_pickaxe":1494,"minecraft:stone_axe":45,"minecraft:cobblestone":74,"minecraft:bucket":25,"structurize:sceptergold":6},"minecraft:custom":{"minecraft:interact_with_crafting_table":54,"minecraft:open_barrel":84,"minecraft:leave_game":3,"minecraft:time_since_death":382337,"minecraft:sprint_one_cm":839295,"minecraft:drop":86,"minecraft:play_noteblock":6,"minecraft:play_time":609037,"minecraft:deaths":25,"minecraft:jump":4982,"minecraft:walk_on_water_one_cm":99978,"minecraft:interact_with_furnace":29,"minecraft:sleep_in_bed":3,"minecraft:open_enderchest":1,"minecraft:damage_dealt":38129,"minecraft:player_kills":2,"minecraft:crouch_one_cm":32941,"minecraft:interact_with_smoker":12,"minecraft:mob_kills":203,"minecraft:interact_with_anvil":1,"minecraft:climb_one_cm":8682,"minecraft:walk_one_cm":990013,"minecraft:sneak_time":16403,"minecraft:walk_under_water_one_cm":53067,"minecraft:interact_with_blast_furnace":114,"minecraft:total_world_time":609037,"minecraft:tune_noteblock":4,"minecraft:interact_with_grindstone":1,"minecraft:time_since_rest":215870,"minecraft:damage_taken":11901,"minecraft:swim_one_cm":29891,"minecraft:fly_one_cm":1558050,"minecraft:open_chest":48,"minecraft:fall_one_cm":100359},"minecraft:crafted":{"minecraft:smooth_stone":15,"minecraft:stone":18,"minecraft:iron_boots":1,"minecraft:chest":1,"structurize:sceptergold":2,"minecraft:smoker":1,"sophisticatedbackpacks:backpack":1,"minecraft:diamond_axe":1,"minecraft:crafting_table":8,"minecraft:wooden_pickaxe":1,"minecraft:iron_helmet":6,"minecraft:copper_ingot":122,"minecraft:birch_planks":8,"biomesoplenty:fir_planks":164,"minecraft:iron_chestplate":1,"minecraft:diamond_pickaxe":1,"minecraft:stick":24,"minecraft:iron_ingot":199,"minecraft:stone_sword":1,"minecraft:gold_ingot":200,"biomesoplenty:fir_door":3,"cobblemon:exp_share":6,"minecraft:wooden_sword":1,"minecraft:furnace":8,"minecraft:blast_furnace":6,"minecolonies:blockhutbuilder":1,"minecraft:bone_meal":279,"minecraft:stone_pickaxe":1,"minecraft:wheat":418,"minecraft:cooked_beef":2,"minecraft:stone_axe":1,"minecraft:bread":124,"minecraft:air":0,"minecraft:wooden_axe":1,"minecraft:iron_leggings":1,"cobblemon:ultra_ball":60},"minecraft:mined":{"minecraft:dark_oak_planks":1,"cobblemon:pc":2,"cobblemon:apricorn_log":10,"minecraft:grass_block":4,"megamons:crystal_fire_stone_ore":1,"minecraft:mud_bricks":3,"megamons:crystal_dusk_stone_ore":1,"minecraft:spawner":16,"minecraft:smooth_stone":5,"minecraft:sculk_catalyst":1,"minecolonies:blockconstructiontape":1,"minecraft:iron_ore":111,"minecraft:moss_carpet":2,"minecraft:deepslate_lapis_ore":14,"minecraft:anvil":3,"minecraft:dark_oak_stairs":1,"minecraft:pointed_dripstone":15,"minecraft:cave_vines":3,"minecraft:azalea":1,"cobblemon:water_stone_ore":1,"minecraft:deepslate_redstone_ore":1,"megamons:anistarite_geode_block":22,"minecraft:blackstone":1,"minecraft:smoker":1,"cobblemon:revival_herb":23,"minecraft:amethyst_cluster":2,"cobblemon:apricorn_leaves":5,"minecraft:blast_furnace":9,"minecraft:calcite":2,"minecraft:mushroom_stem":1,"megamons:garchompite_crystal_ore":2,"minecraft:cobblestone":177,"minecraft:iron_door":2,"minecraft:wall_torch":1,"minecraft:birch_log":3,"minecraft:wheat":10,"minecraft:birch_trapdoor":1,"cobblemon:deepslate_thunder_stone_ore":1,"biomesoplenty:fir_log":43,"cobblemon:dusk_stone_ore":1,"minecraft:stone_brick_stairs":1,"minecraft:grass":27,"minecraft:dirt":1,"minecraft:tripwire_hook":3,"minecraft:raw_copper_block":2,"minecraft:oak_leaves":4,"minecraft:deepslate":145,"minecraft:suspicious_gravel":2,"minecraft:tuff":71,"minecraft:mossy_cobblestone":11,"minecraft:deepslate_diamond_ore":31,"minecolonies:blockhutbuilder":1,"create:fluid_tank":1,"biomesoplenty:bush":8,"minecraft:brown_mushroom_block":1,"minecraft:spruce_leaves":1,"minecraft:moss_block":10,"minecraft:red_mushroom":1,"minecraft:large_fern":2,"minecraft:hay_block":54,"minecraft:redstone_ore":1,"minecraft:furnace":5,"minecraft:stripped_spruce_log":1,"minecraft:polished_deepslate":2,"minecraft:deepslate_iron_ore":61,"minecraft:vine":1,"minecraft:stone":345,"megamons:crystal_leaf_stone_ore":1,"minecraft:podzol":1,"megamons:anistarite_rough_geode_block":6,"minecraft:flowering_azalea":1,"minecraft:stone_brick_slab":1,"minecraft:crafting_table":7,"create:fluid_pipe":3,"create:mechanical_pump":1,"minecraft:emerald_ore":24,"minecraft:tall_grass":10,"minecraft:copper_ore":28,"minecraft:lapis_ore":16,"minecraft:deepslate_gold_ore":92,"minecraft:diorite":1,"minecraft:birch_leaves":2,"minecraft:bee_nest":4,"minecraft:coal_ore":195,"biomesoplenty:fir_leaves":22,"minecraft:gravel":1,"minecraft:dripstone_block":144,"minecraft:cobweb":17,"minecraft:cracked_stone_bricks":1,"cobblemon:sun_stone_ore":1,"minecraft:mossy_stone_bricks":1,"minecraft:gold_ore":36,"minecraft:fern":14}},"DataVersion":3465}