{"stats":{"minecraft:picked_up":{"minecraft:wooden_axe":4,"sophisticatedbackpacks:gold_backpack":2,"minecraft:iron_chestplate":7,"minecraft:coarse_dirt":1,"minecraft:crafting_table":3,"minecraft:wheat":103,"cobblemon:yellow_apricorn":4,"minecraft:lead":1,"cobblemon:red_apricorn":19,"minecraft:wooden_pickaxe":3,"cobblemon:charti_berry":20,"minecraft:enchanted_book":9,"create:fluid_pipe":2,"minecraft:polished_deepslate":1,"biomesoplenty:fir_door":22,"minecraft:string":73,"minecraft:dark_oak_trapdoor":3,"minecraft:moss_carpet":19,"cobblemon:revival_herb":63,"minecraft:raw_copper":73,"cobblemon:lum_berry":2,"minecraft:wooden_sword":3,"minecraft:iron_leggings":10,"cobblemon:white_apricorn":11,"minecraft:iron_shovel":1,"minecraft:cobbled_deepslate":131,"minecraft:smooth_stone":3,"biomesoplenty:fir_planks":1315,"minecraft:bucket":6,"cobblemon:white_apricorn_seed":1,"minecraft:beef":20,"minecraft:azalea":2,"cobblemon:oran_berry":393,"cobblemon:dusk_stone":2,"minecraft:poppy":3,"minecraft:iron_pickaxe":30,"cobblemon:quick_ball":184,"cobblemon:pep_up_flower":31,"minecraft:iron_boots":14,"minecraft:raw_copper_block":2,"minecraft:furnace":3,"minecraft:stick":15,"minecraft:raw_iron":143,"cobblemon:spell_tag":1,"minecraft:torch":11,"sophisticatedbackpacks:backpack":13,"structurize:sceptergold":10,"minecraft:diorite":1,"minecraft:redstone":7,"minecraft:dark_oak_planks":3,"minecraft:arrow":225,"minecraft:honey_bottle":1,"minecraft:rotten_flesh":40,"minecraft:hay_block":73,"minecraft:bookshelf":26,"minecraft:gold_ingot":50,"minecraft:cobblestone":582,"minecraft:birch_log":2,"minecraft:pink_petals":2,"create:fluid_tank":1,"cobblemon_armor_sets:pokemon_scraps":9,"minecraft:iron_door":2,"minecraft:tripwire_hook":22,"minecraft:water_bucket":4,"minecraft:leather":9,"minecraft:smoker":8,"minecraft:red_mushroom":1,"biomesoplenty:fir_sapling":7,"biomesoplenty:fir_log":45,"minecraft:flint":1,"minecraft:tuff":103,"minecolonies:blockhutbuilder":1,"minecraft:waxed_copper_block":2,"cobblemon:peat_block":1,"minecraft:cobblestone_stairs":11,"minecraft:lapis_lazuli":169,"megamons:anistarite_geode_block":17,"minecraft:dirt":390,"minecraft:name_tag":2,"minecraft:bone":107,"minecraft:wheat_seeds":32,"cobblemon:black_apricorn":12,"minecraft:raw_gold":186,"minecraft:iron_ingot":163,"cobblemon:thunder_stone":3,"minecraft:flowering_azalea":1,"minecraft:diamond_helmet":8,"minecraft:glass_bottle":3,"minecraft:moss_block":37,"minecraft:iron_sword":11,"minecraft:book":154,"cobblemon:red_apricorn_seed":1,"minecraft:sweet_berries":4,"patchouli:guide_book":2,"cobblemon:black_apricorn_seed":1,"cobblemon:cheri_berry":4,"cobblemon:yellow_apricorn_seed":1,"minecraft:amethyst_shard":92,"minecraft:red_banner":1,"minecraft:blast_furnace":18,"minecraft:spider_eye":9,"minecraft:mossy_cobblestone":2,"megamons:anistarite_rough_geode_block":3,"cobblemon_armor_sets:cosplaymakingguide":13,"minecraft:diamond":14,"cobblemon:poke_ball":88,"minecraft:stone_axe":9,"create:mechanical_pump":1,"minecraft:diamond_axe":2,"minecraft:emerald":126,"minecraft:bread":829,"cobblemon:water_stone":4,"minecraft:rooted_dirt":1,"cobblemon:chesto_berry":5,"minecraft:coal":968,"minecraft:ender_pearl":1},"minecraft:dropped":{"minecraft:wheat_seeds":15,"minecraft:diamond_axe":1,"minecraft:mossy_cobblestone":2,"minecraft:bookshelf":4,"minecraft:lead":1,"biomesoplenty:fir_sapling":3,"minecraft:stick":2,"minecraft:dirt":37,"minecraft:raw_copper_block":2,"cobblemon:poke_ball":8,"minecraft:wooden_axe":1,"minecraft:iron_door":1,"minecraft:diamond_helmet":1,"minecraft:amethyst_shard":40,"minecraft:smooth_stone":3,"minecraft:string":2,"minecraft:pink_petals":1,"minecraft:gold_ingot":12,"minecraft:bone":7,"minecraft:moss_carpet":3,"minecraft:sweet_berries":4,"cobblemon:charti_berry":5,"minecraft:wheat":131,"cobblemon:cheri_berry":4,"minecraft:rotten_flesh":18,"minecraft:iron_boots":2,"cobblemon:quick_ball":9,"sophisticatedbackpacks:backpack":2,"minecraft:waxed_copper_block":2,"patchouli:guide_book":1,"minecraft:poppy":1,"minecraft:hay_block":34,"biomesoplenty:fir_planks":8,"minecraft:azalea":1,"minecraft:beef":7},"minecraft:killed_by":{"minecraft:creeper":1,"minecraft:vindicator":7,"minecraft:skeleton":3,"minecraft:zombie":11},"minecraft:killed":{"minecraft:cave_spider":6,"minecraft:spider":10,"minecraft:vindicator":1,"minecraft:skeleton":33,"minecraft:creeper":2,"minecraft:zombie":48,"minecraft:player":1,"minecraft:enderman":1,"minecraft:cow":6},"minecraft:broken":{"minecraft:iron_chestplate":1},"minecraft:used":{"minecraft:stone_sword":12,"minecraft:flint_and_steel":1,"minecraft:iron_sword":473,"minecraft:iron_chestplate":2,"minecraft:dirt":10,"minecraft:diamond_helmet":2,"minecraft:dark_oak_planks":1,"minecraft:wooden_axe":5,"minecraft:lava_bucket":7,"biomesoplenty:fir_sapling":1,"minecraft:rooted_dirt":1,"minecraft:raw_copper_block":2,"minecraft:furnace":3,"minecraft:cooked_beef":2,"minecraft:wheat_seeds":16,"minecraft:water_bucket":22,"minecraft:stone_pickaxe":121,"minecraft:wooden_pickaxe":21,"biomesoplenty:fir_planks":3,"minecraft:crafting_table":9,"minecraft:blast_furnace":5,"minecraft:smoker":2,"minecraft:bread":69,"minecraft:iron_pickaxe":565,"minecraft:stone_axe":45,"minecraft:wooden_sword":22,"minecraft:cobblestone":36,"minecraft:bucket":17,"structurize:sceptergold":6,"minecraft:bone_meal":10},"minecraft:custom":{"minecraft:mob_kills":112,"minecraft:interact_with_crafting_table":36,"minecraft:open_barrel":42,"minecraft:leave_game":2,"minecraft:time_since_death":161320,"minecraft:climb_one_cm":3897,"minecraft:sprint_one_cm":535525,"minecraft:walk_one_cm":643277,"minecraft:drop":67,"minecraft:play_noteblock":6,"minecraft:play_time":388020,"minecraft:sneak_time":6373,"minecraft:deaths":25,"minecraft:walk_under_water_one_cm":19188,"minecraft:jump":2968,"minecraft:interact_with_blast_furnace":39,"minecraft:walk_on_water_one_cm":68296,"minecraft:total_world_time":388020,"minecraft:interact_with_furnace":18,"minecraft:tune_noteblock":4,"minecraft:sleep_in_bed":2,"minecraft:time_since_rest":161352,"minecraft:damage_taken":9525,"minecraft:damage_dealt":22953,"minecraft:swim_one_cm":25320,"minecraft:fly_one_cm":674840,"minecraft:player_kills":2,"minecraft:open_chest":12,"minecraft:crouch_one_cm":12046,"minecraft:interact_with_smoker":12,"minecraft:fall_one_cm":45968},"minecraft:crafted":{"minecraft:wooden_sword":1,"minecraft:smooth_stone":9,"minecraft:furnace":4,"minecraft:blast_furnace":3,"minecraft:stone":9,"minecolonies:blockhutbuilder":1,"minecraft:bone_meal":42,"minecraft:iron_boots":1,"minecraft:stone_pickaxe":1,"minecraft:chest":1,"structurize:sceptergold":2,"minecraft:smoker":1,"minecraft:wheat":337,"minecraft:cooked_beef":2,"sophisticatedbackpacks:backpack":1,"minecraft:crafting_table":6,"minecraft:wooden_pickaxe":1,"minecraft:copper_ingot":64,"minecraft:birch_planks":8,"minecraft:stone_axe":1,"minecraft:bread":97,"minecraft:air":0,"biomesoplenty:fir_planks":164,"minecraft:iron_chestplate":1,"minecraft:stick":20,"minecraft:iron_ingot":51,"minecraft:wooden_axe":1,"minecraft:stone_sword":1,"minecraft:iron_leggings":1,"minecraft:gold_ingot":70,"biomesoplenty:fir_door":3},"minecraft:mined":{"minecraft:dark_oak_planks":1,"minecraft:tuff":47,"minecraft:mossy_cobblestone":1,"minecraft:deepslate_diamond_ore":8,"minecolonies:blockhutbuilder":1,"create:fluid_tank":1,"biomesoplenty:bush":8,"minecraft:grass_block":4,"megamons:crystal_dusk_stone_ore":1,"minecraft:spruce_leaves":1,"minecraft:mud_bricks":3,"minecraft:moss_block":9,"minecraft:red_mushroom":1,"minecraft:spawner":5,"minecraft:hay_block":39,"minecraft:redstone_ore":1,"minecraft:furnace":3,"minecolonies:blockconstructiontape":1,"minecraft:iron_ore":47,"minecraft:stripped_spruce_log":1,"minecraft:moss_carpet":2,"minecraft:deepslate_lapis_ore":9,"minecraft:dark_oak_stairs":1,"minecraft:polished_deepslate":2,"minecraft:cave_vines":2,"minecraft:deepslate_iron_ore":47,"minecraft:azalea":1,"minecraft:stone":78,"cobblemon:water_stone_ore":1,"megamons:anistarite_rough_geode_block":4,"minecraft:deepslate_redstone_ore":1,"minecraft:flowering_azalea":1,"megamons:anistarite_geode_block":18,"minecraft:blackstone":1,"minecraft:smoker":1,"cobblemon:revival_herb":23,"minecraft:crafting_table":3,"create:fluid_pipe":3,"create:mechanical_pump":1,"minecraft:blast_furnace":2,"minecraft:emerald_ore":24,"minecraft:copper_ore":20,"minecraft:tall_grass":10,"minecraft:cobblestone":105,"minecraft:deepslate_gold_ore":50,"minecraft:lapis_ore":3,"minecraft:diorite":1,"minecraft:iron_door":1,"minecraft:wall_torch":1,"minecraft:birch_log":3,"minecraft:wheat":10,"minecraft:birch_leaves":2,"cobblemon:deepslate_thunder_stone_ore":1,"minecraft:bee_nest":4,"biomesoplenty:fir_log":43,"cobblemon:dusk_stone_ore":1,"minecraft:grass":24,"minecraft:coal_ore":104,"biomesoplenty:fir_leaves":22,"minecraft:dirt":1,"minecraft:cobweb":12,"minecraft:tripwire_hook":3,"minecraft:raw_copper_block":2,"minecraft:gold_ore":26,"minecraft:oak_leaves":4,"minecraft:deepslate":61,"minecraft:fern":12}},"DataVersion":3465}