{"stats":{"minecraft:used":{"minecraft:stone_sword":22,"minecraft:acacia_log":2,"minecraft:stone_pickaxe":41,"minecraft:wooden_pickaxe":59,"minecraft:torch":1,"minecraft:dirt":14,"minecraft:crafting_table":6,"minecraft:smoker":2,"minecraft:wooden_axe":1,"minecraft:stone_axe":105,"minecraft:cooked_porkchop":8,"minecraft:egg":1},"minecraft:killed":{"minecraft:pig":17,"minecraft:spider":2,"minecraft:creeper":2,"minecraft:sheep":5,"minecraft:skeleton":2,"minecraft:zombie":5,"minecraft:cow":1},"minecraft:killed_by":{"minecraft:zombie":1},"minecraft:custom":{"minecraft:mob_kills":34,"minecraft:interact_with_crafting_table":12,"minecraft:time_since_death":27722,"minecraft:sleep_in_bed":1,"minecraft:time_since_rest":8766,"minecraft:sprint_one_cm":115055,"minecraft:damage_taken":897,"minecraft:walk_one_cm":115647,"minecraft:drop":8,"minecraft:damage_dealt":4647,"minecraft:swim_one_cm":4356,"minecraft:fly_one_cm":73138,"minecraft:player_kills":1,"minecraft:open_chest":6,"minecraft:crouch_one_cm":8598,"minecraft:play_time":41544,"minecraft:deaths":1,"minecraft:sneak_time":2770,"minecraft:walk_under_water_one_cm":6474,"minecraft:jump":473,"minecraft:walk_on_water_one_cm":2986,"minecraft:total_world_time":41544,"minecraft:interact_with_smoker":15,"minecraft:fall_one_cm":8659},"minecraft:mined":{"minecraft:acacia_leaves":3,"minecraft:smoker":2,"minecraft:crafting_table":6,"minecraft:acacia_log":30,"minecraft:grass_block":2,"minecraft:tall_grass":3,"minecraft:wall_torch":1,"minecraft:grass":38,"minecraft:coal_ore":6,"minecraft:oak_log":17,"minecraft:dirt":4,"minecraft:stone":72,"minecraft:orange_bed":1,"minecraft:oak_leaves":1},"minecraft:crafted":{"minecraft:oak_planks":32,"minecraft:cooked_porkchop":29,"minecraft:crafting_table":1,"minecraft:wooden_pickaxe":1,"minecraft:furnace":1,"minecraft:stone_axe":2,"minecraft:air":0,"minecraft:stick":16,"minecraft:stone_pickaxe":1,"minecraft:wooden_axe":1,"minecraft:stone_sword":1,"minecraft:acacia_planks":28,"minecraft:torch":4,"minecraft:smoker":1},"minecraft:broken":{"minecraft:stone_axe":1,"minecraft:wooden_pickaxe":1},"minecraft:picked_up":{"minecraft:wooden_axe":1,"minecraft:crafting_table":6,"cobblemon_armor_sets:pokemon_scraps":1,"minecraft:wooden_pickaxe":1,"minecraft:smoker":2,"minecraft:potato":1,"minecraft:oak_log":17,"minecraft:gunpowder":2,"minecraft:dirt":26,"minecraft:string":2,"minecraft:bone":4,"minecraft:acacia_planks":14,"minecraft:wheat_seeds":10,"minecraft:beef":2,"minecraft:acacia_sapling":2,"minecraft:egg":2,"minecraft:stick":5,"patchouli:guide_book":3,"minecraft:torch":1,"minecraft:acacia_log":33,"minecraft:porkchop":53,"minecraft:spider_eye":2,"minecraft:orange_bed":1,"minecraft:arrow":7,"minecraft:rotten_flesh":8,"minecraft:light_blue_wool":1,"minecraft:stone_axe":1,"minecraft:bread":1,"minecraft:black_wool":2,"minecraft:mutton":11,"minecraft:coal":6,"minecraft:cobblestone":82,"minecraft:white_wool":6},"minecraft:dropped":{"minecraft:wheat_seeds":8,"minecraft:oak_log":9,"minecraft:cooked_porkchop":11,"minecraft:acacia_log":9,"minecraft:potato":1}},"DataVersion":3465}