{"stats":{"minecraft:custom":{"minecraft:mob_kills":12,"minecraft:leave_game":4,"minecraft:time_since_death":195,"minecraft:climb_one_cm":43683,"minecraft:time_since_rest":226,"minecraft:sprint_one_cm":128793,"minecraft:damage_taken":10694,"minecraft:walk_one_cm":161305,"minecraft:drop":40,"minecraft:damage_dealt":882,"minecraft:swim_one_cm":8236,"minecraft:fly_one_cm":202968,"minecraft:talked_to_villager":1,"minecraft:player_kills":4,"minecraft:open_chest":38,"minecraft:walk_under_water_one_cm":16445,"minecraft:crouch_one_cm":4138,"minecraft:play_time":62153,"minecraft:deaths":33,"minecraft:sneak_time":2077,"minecraft:aviate_one_cm":819587,"minecraft:jump":599,"minecraft:walk_on_water_one_cm":20271,"minecraft:total_world_time":62153,"minecraft:fall_one_cm":50472,"minecraft:horse_one_cm":805},"minecraft:used":{"minecraft:tropical_fish":4,"minecraft:ladder":2,"minecraft:elytra":5,"minecraft:wooden_pickaxe":2,"minecraft:iron_sword":14,"minecraft:wooden_axe":1,"minecraft:lava_bucket":1,"minecraft:firework_rocket":56,"minecraft:quartz_slab":3,"lucky:lucky_block":41,"minecraft:quartz_block":2,"minecraft:golden_leggings":2,"minecraft:diamond_chestplate":1,"minecraft:fishing_rod":13,"minecraft:bow":16,"minecraft:written_book":1,"minecraft:bucket":1,"minecraft:end_portal_frame":3,"minecraft:golden_axe":9},"minecraft:mined":{"minecraft:ladder":9,"minecraft:chest":2,"minecraft:sandstone":1,"lucky:lucky_block":34},"minecraft:killed_by":{"minecraft:player":6,"minecraft:skeleton":1,"minecraft:slime":2},"minecraft:killed":{"minecraft:endermite":1,"minecraft:slime":5,"minecraft:sheep":5},"minecraft:broken":{"minecraft:leather_helmet":1},"minecraft:dropped":{"minecraft:enchanted_book":8,"minecraft:green_terracotta":3,"minecraft:ender_pearl":1,"minecraft:lime_concrete":2,"lucky:lucky_block":1,"minecraft:bookshelf":22,"minecraft:prismarine_shard":23,"minecraft:prismarine_crystals":21,"minecraft:rotten_flesh":4,"minecraft:leather":2,"minecraft:green_concrete":3,"minecraft:azure_bluet":11,"minecraft:pufferfish":4,"minecraft:oxeye_daisy":8,"minecraft:poppy":12,"minecraft:sea_lantern":6,"minecraft:quartz_stairs":2,"minecraft:potion":4,"minecraft:gold_nugget":4,"minecraft:glistering_melon_slice":1,"minecraft:written_book":2,"minecraft:splash_potion":3,"minecraft:pink_tulip":8,"minecraft:quartz_slab":3},"minecraft:picked_up":{"minecraft:wooden_axe":1,"minecraft:sponge":1,"minecraft:fishing_rod":9,"minecraft:leather_chestplate":2,"minecraft:azure_bluet":11,"minecraft:ladder":3,"minecraft:splash_potion":3,"minecraft:magma_cream":5,"minecraft:nether_wart":3,"minecraft:prismarine_shard":23,"minecraft:water_bucket":1,"minecraft:salmon":24,"minecraft:leather_leggings":8,"minecraft:leather":42,"minecraft:golden_leggings":3,"minecraft:end_portal_frame":3,"minecraft:enchanted_book":92,"minecraft:potion":4,"minecraft:lapis_lazuli":102,"minecraft:elytra":11,"lucky:lucky_bow":9,"minecraft:leather_boots":6,"minecraft:quartz_slab":12,"minecraft:pufferfish":15,"minecraft:magenta_wool":1,"minecraft:bow":8,"minecraft:gold_nugget":27,"minecraft:bucket":11,"minecraft:written_book":1,"minecraft:ender_eye":56,"minecraft:poppy":12,"minecraft:light_gray_wool":2,"minecraft:enchanted_golden_apple":5,"minecraft:quartz_stairs":2,"minecraft:chest":2,"minecraft:oak_planks":17,"minecraft:iron_sword":10,"minecraft:ghast_tear":6,"minecraft:stick":1,"minecraft:lime_concrete":2,"minecraft:lava_bucket":9,"minecraft:golden_axe":1,"minecraft:dark_oak_log":1,"minecraft:fermented_spider_eye":24,"minecraft:rabbit_foot":7,"minecraft:green_terracotta":6,"minecraft:spider_eye":24,"minecraft:prismarine_crystals":44,"minecraft:sea_lantern":36,"minecraft:dragon_egg":5,"minecraft:leather_helmet":3,"minecraft:diamond_chestplate":3,"minecraft:quartz_block":36,"minecraft:firework_rocket":1203,"minecraft:arrow":10,"minecraft:rotten_flesh":4,"minecraft:slime_ball":4,"minecraft:green_concrete":9,"minecraft:diamond":155,"minecraft:tropical_fish":20,"minecraft:hay_block":8,"minecraft:painting":8,"minecraft:pink_tulip":8,"minecraft:glistering_melon_slice":8,"minecraft:saddle":2,"minecraft:golden_apple":37,"minecraft:bookshelf":44,"minecraft:gold_ingot":120,"minecraft:emerald":41,"minecraft:mutton":5,"minecraft:blaze_rod":13,"minecraft:ender_pearl":66,"minecraft:blaze_powder":30,"minecraft:cod":27,"minecraft:nether_star":6,"minecraft:oxeye_daisy":8}},"DataVersion":3465}