{"stats":{"minecraft:used":{"minecraft:stone_sword":77,"minecraft:acacia_log":2,"minecraft:shield":4,"minecraft:orange_bed":1,"minecraft:torch":48,"minecraft:dirt":15,"minecraft:wooden_axe":1,"minecraft:egg":1,"comforts:sleeping_bag_white":1,"minecraft:oak_planks":2,"minecraft:stone_pickaxe":115,"minecraft:wooden_pickaxe":59,"minecraft:crafting_table":9,"minecraft:blast_furnace":1,"minecraft:black_bed":1,"minecraft:smoker":2,"minecraft:bread":10,"minecraft:stone_button":1,"minecraft:iron_pickaxe":105,"minecraft:iron_door":1,"minecraft:stone_axe":111,"minecraft:cooked_porkchop":11,"minecraft:bone_meal":9},"minecraft:killed":{"minecraft:spider":3,"minecraft:skeleton":3,"minecraft:pig":17,"cobblemon:pokemon":1,"minecraft:zombie_villager":1,"minecraft:creeper":2,"minecraft:sheep":5,"minecraft:zombie":8,"minecraft:cow":1},"minecraft:killed_by":{"minecraft:zombie":2},"minecraft:custom":{"minecraft:mob_kills":43,"minecraft:interact_with_anvil":1,"minecraft:interact_with_crafting_table":23,"minecraft:open_barrel":3,"minecraft:leave_game":1,"minecraft:time_since_death":40584,"minecraft:climb_one_cm":6440,"minecraft:sprint_one_cm":237770,"minecraft:walk_one_cm":300794,"minecraft:damage_blocked_by_shield":110,"minecraft:drop":25,"minecraft:play_time":88960,"minecraft:deaths":2,"minecraft:sneak_time":4752,"minecraft:walk_under_water_one_cm":10632,"minecraft:jump":1054,"minecraft:interact_with_blast_furnace":9,"minecraft:walk_on_water_one_cm":12668,"minecraft:total_world_time":88960,"minecraft:interact_with_furnace":20,"minecraft:sleep_in_bed":4,"minecraft:time_since_rest":7283,"minecraft:damage_taken":1865,"minecraft:damage_dealt":6653,"minecraft:swim_one_cm":23677,"minecraft:fly_one_cm":176681,"minecraft:player_kills":1,"minecraft:open_chest":6,"minecraft:crouch_one_cm":11929,"minecraft:interact_with_smoker":15,"minecraft:fall_one_cm":16746},"minecraft:mined":{"minecraft:large_amethyst_bud":1,"minecraft:deepslate_diamond_ore":2,"minecraft:budding_amethyst":1,"minecraft:acacia_log":30,"minecraft:grass_block":4,"minecraft:spruce_leaves":13,"minecraft:redstone_ore":1,"minecraft:furnace":2,"minecraft:iron_ore":25,"minecraft:anvil":1,"minecraft:gold_block":2,"cobblemon:medicinal_leek":7,"minecraft:mossy_stone_brick_stairs":1,"minecraft:vine":4,"minecraft:small_amethyst_bud":1,"minecraft:stone":107,"minecraft:orange_bed":1,"minecraft:deepslate_redstone_ore":1,"minecraft:acacia_leaves":3,"minecraft:smoker":2,"minecraft:medium_amethyst_bud":4,"minecraft:amethyst_cluster":1,"minecraft:crafting_table":9,"minecraft:torch":8,"minecraft:blast_furnace":2,"minecraft:calcite":1,"minecraft:tall_grass":3,"minecraft:copper_ore":19,"minecraft:cobblestone":15,"minecraft:deepslate_gold_ore":2,"minecraft:oak_planks":1,"minecraft:iron_door":1,"minecraft:wall_torch":3,"minecraft:amethyst_block":3,"minecraft:stone_brick_stairs":1,"minecraft:black_bed":2,"minecraft:grass":40,"biomesoplenty:clover":1,"minecraft:oak_log":18,"minecraft:coal_ore":29,"minecraft:gravel":3,"minecraft:dirt":4,"minecraft:cobweb":4,"minecraft:cracked_stone_bricks":2,"minecraft:smooth_basalt":2,"minecraft:gold_ore":19,"minecraft:oak_leaves":1,"minecraft:deepslate":1},"minecraft:crafted":{"minecraft:oak_planks":36,"comforts:sleeping_bag_white":1,"minecraft:furnace":1,"minecraft:bone_meal":9,"minecraft:stone_pickaxe":1,"minecraft:smoker":1,"minecraft:cooked_porkchop":29,"minecraft:crafting_table":1,"minecraft:wooden_pickaxe":1,"minecraft:bucket":1,"minecraft:stone_axe":2,"minecraft:air":0,"minecraft:shield":1,"minecraft:stick":16,"minecraft:iron_pickaxe":1,"minecraft:iron_ingot":13,"minecraft:wooden_axe":1,"minecraft:stone_sword":1,"minecraft:gold_ingot":4,"minecraft:iron_leggings":1,"minecraft:acacia_planks":64,"minecraft:torch":4},"minecraft:broken":{"minecraft:wooden_pickaxe":1,"minecraft:stone_pickaxe":1,"minecraft:stone_axe":1},"minecraft:picked_up":{"minecraft:wooden_axe":1,"minecraft:crafting_table":12,"minecraft:anvil":2,"cobblemon:yellow_apricorn":8,"cobblemon:red_apricorn":18,"minecraft:wooden_pickaxe":1,"minecraft:gold_block":2,"minecraft:shield":1,"minecraft:string":12,"minecraft:raw_copper":59,"cobblemon:white_apricorn":8,"minecraft:iron_leggings":1,"minecraft:cobbled_deepslate":2,"cobblemon:white_apricorn_seed":1,"comforts:sleeping_bag_white":2,"minecraft:beef":12,"cobblemon:oran_berry":16,"minecraft:poppy":1,"minecraft:iron_pickaxe":1,"minecraft:egg":2,"minecraft:furnace":4,"minecraft:stick":21,"minecraft:raw_iron":25,"cobblemon:apricorn_log":1,"minecraft:copper_ingot":8,"minecraft:torch":17,"minecraft:acacia_log":42,"sophisticatedbackpacks:backpack":1,"minecraft:porkchop":60,"minecraft:stone_button":1,"minecraft:redstone":8,"minecraft:orange_bed":1,"minecraft:stone_sword":2,"minecraft:arrow":23,"minecraft:rotten_flesh":21,"minecraft:light_blue_wool":2,"minecraft:mutton":18,"minecraft:cobblestone":293,"minecraft:white_wool":10,"minecraft:oxeye_daisy":2,"minecraft:air":0,"cobblemon_armor_sets:pokemon_scraps":3,"minecraft:iron_door":1,"minecraft:glow_ink_sac":2,"minecraft:water_bucket":1,"minecraft:black_bed":3,"minecraft:leather":7,"minecraft:smoker":4,"minecraft:potato":1,"minecraft:oak_log":18,"minecraft:gunpowder":2,"minecraft:lapis_lazuli":5,"minecraft:dirt":64,"cobblemon:pink_apricorn_seed":1,"minecraft:bone":7,"minecraft:acacia_planks":72,"minecraft:bow":1,"minecraft:wheat_seeds":14,"minecraft:raw_gold":21,"minecraft:stone_pickaxe":1,"minecraft:acacia_sapling":2,"minecraft:oak_planks":60,"minecraft:cooked_porkchop":8,"patchouli:guide_book":8,"minecraft:dandelion":2,"cobblemon:blue_apricorn_seed":1,"minecraft:amethyst_shard":12,"cobblemon:yellow_apricorn_seed":1,"minecraft:spruce_sapling":5,"minecraft:blast_furnace":3,"minecraft:spider_eye":2,"cobblemon:poke_ball":9,"minecraft:diamond":2,"minecraft:stone_axe":3,"minecraft:golden_apple":1,"minecraft:bread":14,"cobblemon:medicinal_leek":14,"minecraft:black_wool":2,"minecraft:coal":103},"minecraft:dropped":{"minecraft:wheat_seeds":11,"minecraft:oak_log":9,"minecraft:crafting_table":1,"minecraft:cooked_porkchop":11,"minecraft:acacia_log":9,"minecraft:oxeye_daisy":2,"cobblemon:apricorn_log":1,"minecraft:light_blue_wool":1,"minecraft:wooden_axe":1,"minecraft:white_wool":1,"minecraft:spruce_sapling":3,"minecraft:dandelion":2,"minecraft:rotten_flesh":4,"patchouli:guide_book":2,"minecraft:poppy":1,"minecraft:potato":1,"minecraft:acacia_sapling":2,"minecraft:spider_eye":1,"minecraft:bow":1}},"DataVersion":3465}