{"stats":{"minecraft:used":{"minecraft:wooden_axe":4,"minecraft:wooden_pickaxe":2,"biomesoplenty:fir_planks":2,"minecraft:wooden_sword":15,"minecraft:crafting_table":3},"minecraft:custom":{"minecraft:time_since_rest":16406,"minecraft:sprint_one_cm":33573,"minecraft:damage_taken":600,"minecraft:walk_one_cm":34553,"minecraft:mob_kills":7,"minecraft:drop":1,"minecraft:damage_dealt":891,"minecraft:swim_one_cm":9080,"minecraft:interact_with_crafting_table":4,"minecraft:fly_one_cm":51884,"minecraft:crouch_one_cm":2613,"minecraft:play_time":43910,"minecraft:deaths":2,"minecraft:sneak_time":1192,"minecraft:walk_under_water_one_cm":642,"minecraft:jump":214,"minecraft:leave_game":2,"minecraft:time_since_death":16379,"minecraft:walk_on_water_one_cm":1819,"minecraft:total_world_time":43910,"minecraft:fall_one_cm":2550},"minecraft:picked_up":{"minecraft:wooden_axe":2,"minecraft:birch_log":2,"minecraft:crafting_table":1,"minecraft:stick":3,"minecraft:leather":2,"minecraft:wooden_pickaxe":1,"biomesoplenty:fir_log":39,"cobblemon:charti_berry":10,"biomesoplenty:fir_sapling":2,"minecraft:spider_eye":2,"minecraft:string":2,"minecraft:wooden_sword":1,"minecraft:rotten_flesh":1,"minecraft:bone":3,"minecraft:arrow":2,"minecraft:wheat_seeds":1,"biomesoplenty:fir_planks":140,"minecraft:beef":2,"minecraft:cobblestone":2},"minecraft:dropped":{"minecraft:wooden_axe":1},"minecraft:killed":{"minecraft:skeleton":2,"minecraft:zombie":3,"minecraft:spider":1,"minecraft:cow":1},"minecraft:crafted":{"biomesoplenty:fir_planks":156,"minecraft:wooden_sword":1,"minecraft:crafting_table":2,"minecraft:stick":12,"minecraft:wooden_pickaxe":1,"minecraft:wooden_axe":1,"minecraft:birch_planks":8},"minecraft:killed_by":{"minecraft:skeleton":1,"minecraft:zombie":1},"minecraft:mined":{"minecraft:birch_log":3,"biomesoplenty:fir_log":39,"minecraft:crafting_table":1,"minecraft:grass":1,"biomesoplenty:fir_leaves":22,"minecraft:stone":2,"minecraft:fern":7}},"DataVersion":3465}