{"stats":{"minecraft:used":{"minecraft:acacia_log":2,"minecraft:stone_pickaxe":40,"minecraft:wooden_pickaxe":59,"minecraft:torch":1,"minecraft:dirt":14,"minecraft:crafting_table":6,"minecraft:smoker":2,"minecraft:wooden_axe":1,"minecraft:stone_axe":101,"minecraft:cooked_porkchop":5,"minecraft:egg":1},"minecraft:killed":{"minecraft:pig":13,"minecraft:spider":2,"minecraft:creeper":2,"minecraft:sheep":3,"minecraft:skeleton":1,"minecraft:zombie":5,"minecraft:cow":1},"minecraft:killed_by":{"minecraft:zombie":1},"minecraft:custom":{"minecraft:mob_kills":27,"minecraft:interact_with_crafting_table":12,"minecraft:time_since_death":15722,"minecraft:time_since_rest":15762,"minecraft:sprint_one_cm":66327,"minecraft:damage_taken":822,"minecraft:walk_one_cm":68480,"minecraft:drop":5,"minecraft:damage_dealt":3750,"minecraft:swim_one_cm":1173,"minecraft:fly_one_cm":56796,"minecraft:player_kills":1,"minecraft:crouch_one_cm":8058,"minecraft:play_time":29544,"minecraft:deaths":1,"minecraft:sneak_time":2522,"minecraft:walk_under_water_one_cm":6372,"minecraft:jump":371,"minecraft:walk_on_water_one_cm":1895,"minecraft:total_world_time":29544,"minecraft:interact_with_smoker":15,"minecraft:fall_one_cm":8183},"minecraft:mined":{"minecraft:acacia_leaves":3,"minecraft:smoker":1,"minecraft:crafting_table":5,"minecraft:acacia_log":28,"minecraft:grass_block":2,"minecraft:tall_grass":1,"minecraft:grass":36,"minecraft:coal_ore":6,"minecraft:oak_log":17,"minecraft:dirt":4,"minecraft:stone":72,"minecraft:oak_leaves":1},"minecraft:crafted":{"minecraft:cooked_porkchop":29,"minecraft:crafting_table":1,"minecraft:wooden_pickaxe":1,"minecraft:furnace":1,"minecraft:stone_axe":1,"minecraft:air":0,"minecraft:stick":8,"minecraft:stone_pickaxe":1,"minecraft:wooden_axe":1,"minecraft:stone_sword":1,"minecraft:acacia_planks":28,"minecraft:torch":4,"minecraft:smoker":1},"minecraft:broken":{"minecraft:stone_axe":1,"minecraft:wooden_pickaxe":1},"minecraft:picked_up":{"minecraft:wooden_axe":1,"minecraft:crafting_table":5,"minecraft:wooden_pickaxe":1,"minecraft:smoker":1,"minecraft:potato":1,"minecraft:oak_log":17,"minecraft:gunpowder":2,"minecraft:dirt":26,"minecraft:string":2,"minecraft:bone":2,"minecraft:acacia_planks":14,"minecraft:wheat_seeds":10,"minecraft:beef":2,"minecraft:acacia_sapling":2,"minecraft:egg":2,"minecraft:stick":5,"patchouli:guide_book":3,"minecraft:acacia_log":30,"minecraft:porkchop":46,"minecraft:spider_eye":2,"minecraft:arrow":4,"minecraft:rotten_flesh":6,"minecraft:stone_axe":1,"minecraft:black_wool":2,"minecraft:mutton":8,"minecraft:coal":6,"minecraft:cobblestone":82,"minecraft:white_wool":4},"minecraft:dropped":{"minecraft:wheat_seeds":3,"minecraft:oak_log":9,"minecraft:acacia_log":9}},"DataVersion":3465}