{"stats":{"minecraft:used":{"minecraft:stone_sword":34,"minecraft:torch":54,"minecraft:beef":4,"minecraft:furnace":2,"minecraft:potato":1,"minecraft:cobbled_deepslate":15,"minecraft:stone_pickaxe":26,"minecraft:wooden_pickaxe":3,"minecraft:crafting_table":4,"sophisticatedbackpacks:backpack":1,"minecraft:diamond_pickaxe":55,"minecraft:bread":4,"minecraft:iron_pickaxe":84,"minecraft:stone_axe":14,"minecraft:diamond_sword":28,"minecraft:cobblestone":10,"minecraft:cooked_porkchop":14,"minecraft:andesite":18},"minecraft:killed":{"minecraft:spider":1,"minecraft:skeleton":8,"minecraft:pig":2,"minecraft:zombie_villager":1,"minecraft:creeper":3,"minecraft:sheep":1,"minecraft:zombie":3,"minecraft:wither_skeleton":1,"minecraft:cow":4},"minecraft:killed_by":{"minecraft:zombie":1},"minecraft:mined":{"minecraft:deepslate_diamond_ore":4,"minecraft:grass_block":1,"minecraft:spruce_fence":2,"minecraft:spruce_leaves":1,"minecraft:fire":2,"minecraft:iron_ore":14,"minecraft:cobbled_deepslate":4,"minecraft:andesite":18,"minecraft:fletching_table":1,"minecraft:gold_block":1,"minecraft:deepslate_iron_ore":14,"minecraft:vine":1,"minecraft:stone":14,"sophisticatedbackpacks:backpack":1,"minecraft:podzol":2,"minecraft:amethyst_cluster":2,"minecraft:crafting_table":4,"minecraft:torch":6,"minecraft:calcite":2,"minecraft:tall_grass":2,"minecraft:cobblestone":6,"minecraft:deepslate_gold_ore":11,"minecraft:wall_torch":6,"minecraft:amethyst_block":1,"minecraft:grass":22,"minecraft:coal_ore":4,"biomesoplenty:redwood_leaves":1,"minecraft:dirt":1,"minecraft:smooth_basalt":2,"minecraft:gold_ore":18,"minecraft:oak_leaves":3,"minecraft:deepslate":34},"minecraft:custom":{"minecraft:mob_kills":24,"minecraft:interact_with_crafting_table":12,"minecraft:open_barrel":10,"minecraft:leave_game":3,"minecraft:time_since_death":16045,"minecraft:climb_one_cm":12135,"minecraft:sprint_one_cm":259647,"minecraft:walk_one_cm":296626,"minecraft:drop":58,"minecraft:play_time":79600,"minecraft:deaths":1,"minecraft:sneak_time":718,"minecraft:walk_under_water_one_cm":12083,"minecraft:jump":1585,"minecraft:walk_on_water_one_cm":16338,"minecraft:total_world_time":79600,"minecraft:interact_with_furnace":5,"minecraft:sleep_in_bed":2,"minecraft:time_since_rest":16097,"minecraft:damage_taken":1401,"minecraft:damage_dealt":4637,"minecraft:swim_one_cm":12103,"minecraft:fly_one_cm":324264,"minecraft:open_chest":4,"minecraft:crouch_one_cm":715,"minecraft:fall_one_cm":34268},"minecraft:crafted":{"minecraft:oak_planks":36,"minecraft:iron_boots":1,"minecraft:stone_pickaxe":1,"minecraft:cooked_porkchop":3,"minecraft:crafting_table":1,"minecraft:wooden_pickaxe":1,"minecraft:iron_helmet":1,"minecraft:stone_axe":1,"minecraft:air":0,"minecraft:stick":20,"minecraft:iron_pickaxe":1,"minecraft:stone_sword":1,"minecraft:iron_leggings":1,"minecraft:acacia_planks":36,"minecraft:torch":48,"minecraft:diamond_chestplate":1},"minecraft:picked_up":{"minecraft:crafting_table":4,"minecraft:chicken":1,"minecraft:chest_minecart":4,"cobblemon:yellow_apricorn":2,"cobblemon:red_apricorn":16,"minecraft:diamond_sword":1,"minecraft:wooden_pickaxe":3,"minecraft:enchanted_book":2,"minecraft:amethyst_block":1,"minecraft:string":9,"minecraft:iron_leggings":1,"minecraft:detector_rail":8,"minecraft:cobbled_deepslate":47,"cobblemon:green_apricorn":9,"minecraft:beef":11,"cobblemon:oran_berry":3,"minecraft:calcite":2,"minecraft:iron_pickaxe":2,"minecraft:egg":2,"minecraft:furnace":3,"minecraft:raw_iron":29,"minecraft:stick":3,"minecraft:torch":41,"minecraft:acacia_log":9,"minecraft:spruce_fence":2,"sophisticatedbackpacks:backpack":3,"minecraft:porkchop":6,"cobblemon:vivichoke_seeds":2,"minecraft:redstone":10,"minecraft:rotten_flesh":3,"minecraft:arrow":11,"minecraft:beetroot_seeds":8,"minecraft:rail":34,"minecraft:glow_berries":5,"minecraft:mutton":2,"cobblemon:blue_apricorn":4,"minecraft:white_wool":1,"minecraft:cobblestone":19,"minecraft:feather":2,"cobblemon:great_ball":3,"minecraft:andesite":18,"minecraft:leather":4,"minecraft:potato":1,"minecraft:oak_log":9,"minecraft:gunpowder":2,"minecraft:lapis_lazuli":79,"megamons:anistarite_geode_block":14,"minecraft:dirt":4,"minecraft:bone":9,"minecraft:acacia_planks":1,"minecraft:bow":1,"cobblemon:black_apricorn":4,"minecraft:wheat_seeds":5,"minecraft:raw_gold":65,"minecraft:stone_pickaxe":3,"minecraft:iron_ingot":25,"minecraft:fletching_table":1,"minecraft:powered_rail":1,"cobblemon:moon_stone":1,"cobblemon:wacan_berry":7,"minecraft:acacia_sapling":2,"cobblemon:red_apricorn_seed":2,"minecraft:smooth_basalt":2,"minecraft:cooked_porkchop":17,"patchouli:guide_book":1,"cobblemon:black_apricorn_seed":1,"cobblemon:shiny_stone":1,"minecraft:sand":8,"minecraft:amethyst_shard":8,"minecraft:spruce_sapling":3,"minecraft:spider_eye":1,"megamons:anistarite_rough_geode_block":3,"cobblemon:poke_ball":3,"minecraft:diamond":16,"minecraft:stone_axe":1,"minecraft:golden_apple":2,"minecraft:bread":10,"minecraft:baked_potato":1,"minecraft:coal":12,"minecraft:diamond_pickaxe":1},"minecraft:dropped":{"minecraft:bread":3,"cobblemon:wacan_berry":1,"minecraft:wheat_seeds":5,"minecraft:cooked_porkchop":3,"minecraft:feather":2,"minecraft:chest_minecart":1,"minecraft:rail":17,"minecraft:stick":2,"minecraft:dirt":4,"minecraft:iron_leggings":1,"minecraft:iron_pickaxe":1,"minecraft:string":2,"minecraft:acacia_planks":1,"minecraft:spruce_sapling":1,"minecraft:bone":3,"cobblemon:red_apricorn":1,"minecraft:redstone":5,"minecraft:furnace":1,"minecraft:detector_rail":4,"minecraft:beetroot_seeds":4,"minecraft:acacia_sapling":2,"minecraft:arrow":2,"minecraft:powered_rail":1,"minecraft:wooden_pickaxe":3,"minecraft:stone_pickaxe":3,"minecraft:egg":2}},"DataVersion":3465}