{"stats":{"minecraft:used":{"minecraft:stone_sword":34,"minecraft:chest":5,"minecraft:torch":79,"minecraft:carrot":13,"minecraft:beef":4,"minecraft:furnace":2,"minecraft:cooked_beef":8,"minecraft:potato":1,"minecraft:cobbled_deepslate":15,"minecraft:calcite":3,"minecraft:amethyst_block":5,"minecraft:stone_pickaxe":26,"minecraft:baked_potato":3,"minecraft:wooden_pickaxe":3,"minecraft:diamond_axe":21,"minecraft:gold_ore":1,"minecraft:golden_apple":2,"minecraft:crafting_table":4,"minecraft:black_bed":2,"megamons:anistarite_geode_block":13,"minecraft:diamond_pickaxe":86,"sophisticatedbackpacks:backpack":1,"minecraft:bread":11,"minecraft:iron_pickaxe":84,"minecraft:stone_axe":14,"minecraft:diamond_sword":124,"minecraft:cobblestone":10,"minecraft:cooked_porkchop":17,"minecraft:andesite":25},"minecraft:killed":{"minecraft:spider":1,"minecraft:skeleton":18,"minecraft:husk":5,"minecraft:pig":2,"minecraft:zombie_villager":1,"minecraft:creeper":3,"minecraft:sheep":1,"minecraft:zombie":4,"minecraft:wither_skeleton":4,"minecraft:cow":4},"minecraft:killed_by":{"minecraft:player":1,"minecraft:zombie":1},"minecraft:mined":{"minecraft:deepslate_diamond_ore":4,"megamons:crystal_shiny_stone_ore":1,"minecraft:spruce_fence":2,"minecraft:grass_block":6,"minecraft:redstone_wire":1,"minecraft:spruce_leaves":1,"minecraft:moss_block":1,"minecraft:spawner":3,"minecraft:iron_ore":14,"minecraft:barrel":1,"minecraft:fire":2,"minecraft:cobbled_deepslate":4,"minecraft:andesite":18,"minecraft:fletching_table":1,"minecraft:gold_block":1,"minecraft:deepslate_iron_ore":14,"minecraft:vine":1,"cobblemon:water_stone_ore":1,"minecraft:stone":15,"sophisticatedbackpacks:backpack":1,"minecraft:podzol":2,"megamons:anistarite_geode_block":1,"minecraft:amethyst_cluster":6,"megamons:kangaskhanite_crystal_ore":2,"minecraft:torch":16,"minecraft:crafting_table":4,"minecraft:calcite":5,"minecraft:chest":20,"minecraft:tall_grass":3,"minecraft:cobblestone":6,"minecraft:oak_planks":1,"minecraft:deepslate_gold_ore":11,"minecraft:wall_torch":12,"minecraft:amethyst_block":6,"minecraft:spruce_log":1,"minecraft:black_bed":3,"minecraft:tnt":15,"minecraft:grass":23,"minecraft:coal_ore":4,"biomesoplenty:redwood_leaves":1,"minecraft:dirt":4,"minecraft:smooth_basalt":5,"cobblemon:sun_stone_ore":1,"minecraft:gold_ore":19,"minecraft:oak_leaves":5,"minecraft:deepslate":34},"minecraft:custom":{"minecraft:mob_kills":45,"minecraft:interact_with_crafting_table":16,"minecraft:open_barrel":45,"minecraft:eat_cake_slice":6,"minecraft:leave_game":4,"minecraft:time_since_death":84930,"minecraft:climb_one_cm":19232,"minecraft:sprint_one_cm":669152,"minecraft:walk_one_cm":517544,"minecraft:drop":78,"minecraft:play_time":169463,"minecraft:sneak_time":1255,"minecraft:deaths":2,"minecraft:walk_under_water_one_cm":41292,"minecraft:jump":3452,"minecraft:walk_on_water_one_cm":58483,"minecraft:total_world_time":169463,"minecraft:interact_with_furnace":16,"minecraft:sleep_in_bed":4,"minecraft:time_since_rest":8805,"minecraft:damage_taken":3184,"minecraft:damage_absorbed":66,"minecraft:damage_dealt":8416,"minecraft:swim_one_cm":117134,"minecraft:fly_one_cm":709106,"minecraft:open_chest":55,"minecraft:crouch_one_cm":788,"minecraft:interact_with_smoker":2,"minecraft:fall_one_cm":84287},"minecraft:crafted":{"minecraft:oak_planks":36,"minecraft:iron_boots":1,"minecraft:stone_pickaxe":1,"minecraft:cooked_beef":7,"minecraft:cooked_porkchop":3,"minecraft:diamond_axe":1,"minecraft:crafting_table":1,"minecraft:iron_helmet":1,"minecraft:wooden_pickaxe":1,"minecraft:baked_potato":2,"minecraft:stone_axe":1,"minecraft:air":0,"minecraft:stick":24,"minecraft:iron_ingot":15,"minecraft:iron_pickaxe":1,"minecraft:stone_sword":1,"minecraft:iron_leggings":1,"minecraft:acacia_planks":36,"minecraft:torch":48,"minecraft:diamond_chestplate":1},"minecraft:picked_up":{"minecraft:crafting_table":5,"minecraft:chicken":7,"minecraft:chest_minecart":4,"cobblemon:yellow_apricorn":6,"cobblemon:red_apricorn":25,"minecraft:diamond_sword":2,"minecraft:wooden_pickaxe":3,"minecraft:potion":3,"minecraft:enchanted_book":4,"minecraft:chain":4,"minecraft:amethyst_block":6,"minecraft:string":12,"minecraft:raw_copper":21,"minecraft:iron_leggings":2,"minecraft:item_frame":2,"minecraft:blackstone":6,"minecraft:beetroot":7,"minecraft:cobbled_deepslate":64,"minecraft:diamond_leggings":1,"minecraft:candle":1,"minecraft:gold_nugget":10,"minecraft:detector_rail":16,"cobblemon:green_apricorn":9,"minecraft:beef":15,"cobblemon:oran_berry":29,"minecraft:calcite":5,"minecraft:iron_nugget":12,"minecraft:poppy":1,"minecraft:iron_pickaxe":5,"minecraft:melon_slice":4,"minecraft:chest":20,"minecraft:smooth_quartz_stairs":2,"minecraft:furnace":3,"minecraft:iron_boots":1,"minecraft:egg":23,"minecraft:stick":3,"minecraft:raw_iron":29,"minecraft:sandstone":4,"minecraft:stone":15,"minecraft:copper_ingot":9,"minecraft:torch":67,"minecraft:bowl":7,"minecraft:acacia_log":9,"minecraft:spruce_fence":2,"sophisticatedbackpacks:backpack":4,"minecraft:porkchop":6,"cobblemon:dive_ball":8,"cobblemon:vivichoke_seeds":2,"minecraft:vine":3,"minecraft:carrot":10,"minecraft:redstone":15,"minecraft:tnt":8,"minecraft:arrow":45,"minecraft:rotten_flesh":13,"minecraft:diamond_chestplate":2,"minecraft:beetroot_seeds":12,"minecraft:diamond_boots":2,"minecraft:bookshelf":2,"minecraft:gold_ingot":4,"minecraft:glow_berries":5,"minecraft:mutton":11,"cobblemon:blue_apricorn":9,"minecraft:rail":34,"minecraft:white_wool":1,"minecraft:cobblestone":102,"minecraft:cooked_beef":4,"minecraft:feather":4,"cobblemon:great_ball":13,"minecraft:glow_ink_sac":3,"minecraft:andesite":111,"minecraft:black_bed":3,"minecraft:leather":8,"megamons:raw_kangaskhanite":2,"minecraft:potato":16,"minecraft:flint":5,"minecraft:oak_log":9,"minecraft:gunpowder":2,"minecraft:lapis_lazuli":79,"megamons:anistarite_geode_block":30,"minecraft:dirt":8,"minecraft:paper":6,"minecraft:leather_boots":2,"minecraft:bone":26,"minecraft:acacia_planks":1,"minecraft:apple":13,"minecraft:bow":1,"minecraft:wheat_seeds":5,"cobblemon:black_apricorn":4,"minecraft:raw_gold":67,"minecraft:iron_ingot":45,"minecraft:stone_pickaxe":3,"minecraft:cobweb":2,"minecraft:powered_rail":1,"minecraft:rabbit":8,"minecraft:fletching_table":1,"minecraft:diamond_helmet":1,"minecraft:glass_bottle":2,"cobblemon:moon_stone":1,"minecraft:moss_block":1,"cobblemon:wacan_berry":12,"minecraft:oak_planks":1,"minecraft:acacia_sapling":2,"cobblemon:red_apricorn_seed":2,"cobblemon:sun_stone":2,"minecraft:smooth_basalt":17,"minecraft:milk_bucket":1,"minecraft:black_candle":1,"minecraft:emerald_block":2,"minecraft:chiseled_polished_blackstone":6,"minecraft:cooked_porkchop":18,"minecraft:pumpkin":3,"minecraft:sweet_berries":9,"patchouli:guide_book":2,"cobblemon:black_apricorn_seed":1,"minecraft:dandelion":1,"cobblemon:shiny_stone":2,"minecraft:sand":17,"minecraft:amethyst_shard":48,"cobblemon:persim_berry":4,"minecraft:spruce_sapling":3,"minecraft:gold_ore":1,"minecraft:spider_eye":4,"minecraft:barrel":1,"megamons:anistarite_rough_geode_block":3,"cobblemon:poke_ball":6,"minecraft:diamond":24,"minecraft:stone_axe":2,"minecraft:iron_helmet":1,"minecraft:crossbow":1,"minecraft:golden_apple":2,"minecraft:bread":34,"cobblemon:water_stone":2,"minecraft:baked_potato":1,"minecraft:oak_sapling":6,"minecraft:coal":12,"minecraft:diamond_pickaxe":3},"minecraft:dropped":{"minecraft:bread":3,"cobblemon:wacan_berry":1,"minecraft:wheat_seeds":5,"minecraft:smooth_quartz_stairs":2,"minecraft:cooked_porkchop":3,"minecraft:feather":2,"minecraft:chest_minecart":1,"minecraft:rail":17,"minecraft:stick":2,"minecraft:dirt":4,"minecraft:iron_leggings":2,"minecraft:sand":9,"minecraft:iron_pickaxe":2,"minecraft:string":9,"minecraft:acacia_planks":1,"minecraft:redstone":5,"minecraft:spruce_sapling":1,"minecraft:bone":3,"cobblemon:red_apricorn":1,"minecraft:chiseled_polished_blackstone":3,"minecraft:furnace":1,"minecraft:stone_axe":1,"minecraft:blackstone":5,"minecraft:detector_rail":4,"minecraft:rotten_flesh":2,"minecraft:iron_boots":1,"megamons:anistarite_geode_block":1,"minecraft:andesite":22,"minecraft:beetroot_seeds":8,"minecraft:acacia_sapling":2,"minecraft:spider_eye":1,"minecraft:arrow":2,"minecraft:powered_rail":1,"minecraft:stone_pickaxe":3,"minecraft:wooden_pickaxe":3,"minecraft:egg":2}},"DataVersion":3465}