{"stats":{"minecraft:used":{"minecraft:cooked_porkchop":6},"minecraft:mined":{"minecraft:grass":22,"minecraft:tall_grass":2,"minecraft:fletching_table":1,"minecraft:oak_leaves":3},"minecraft:custom":{"minecraft:open_chest":2,"minecraft:time_since_rest":19873,"minecraft:crouch_one_cm":344,"minecraft:play_time":26373,"minecraft:sprint_one_cm":104513,"minecraft:damage_taken":364,"minecraft:walk_one_cm":92699,"minecraft:sneak_time":120,"minecraft:walk_under_water_one_cm":3025,"minecraft:drop":4,"minecraft:jump":607,"minecraft:damage_dealt":239,"minecraft:leave_game":2,"minecraft:time_since_death":26373,"minecraft:walk_on_water_one_cm":2340,"minecraft:sleep_in_bed":2,"minecraft:total_world_time":26373,"minecraft:climb_one_cm":110,"minecraft:swim_one_cm":7443,"minecraft:fall_one_cm":16464,"minecraft:fly_one_cm":111394},"minecraft:crafted":{"minecraft:oak_planks":36,"minecraft:acacia_planks":36},"minecraft:picked_up":{"minecraft:feather":1,"minecraft:chicken":1,"minecraft:cooked_porkchop":14,"cobblemon:black_apricorn_seed":1,"cobblemon:black_apricorn":3,"minecraft:wheat_seeds":5,"cobblemon:red_apricorn":3,"minecraft:acacia_log":9,"cobblemon:green_apricorn":9,"minecraft:potato":1,"cobblemon:oran_berry":3,"minecraft:oak_log":9,"minecraft:fletching_table":1,"cobblemon:wacan_berry":7,"minecraft:acacia_sapling":1,"cobblemon:blue_apricorn":3,"minecraft:string":2},"minecraft:dropped":{"cobblemon:wacan_berry":1,"minecraft:cooked_porkchop":3}},"DataVersion":3465}