{"stats":{"minecraft:used":{"minecraft:stone_sword":34,"minecraft:chest":4,"minecraft:torch":70,"minecraft:beef":4,"minecraft:furnace":2,"minecraft:cooked_beef":7,"minecraft:potato":1,"minecraft:cobbled_deepslate":15,"minecraft:stone_pickaxe":26,"minecraft:baked_potato":3,"minecraft:wooden_pickaxe":3,"minecraft:diamond_axe":17,"minecraft:golden_apple":1,"minecraft:crafting_table":4,"megamons:anistarite_geode_block":13,"sophisticatedbackpacks:backpack":1,"minecraft:diamond_pickaxe":60,"minecraft:bread":8,"minecraft:iron_pickaxe":84,"minecraft:stone_axe":14,"minecraft:diamond_sword":116,"minecraft:cobblestone":10,"minecraft:cooked_porkchop":17,"minecraft:andesite":25},"minecraft:killed":{"minecraft:spider":1,"minecraft:skeleton":18,"minecraft:husk":5,"minecraft:pig":2,"minecraft:zombie_villager":1,"minecraft:creeper":3,"minecraft:sheep":1,"minecraft:zombie":3,"minecraft:wither_skeleton":4,"minecraft:cow":4},"minecraft:killed_by":{"minecraft:player":1,"minecraft:zombie":1},"minecraft:mined":{"minecraft:deepslate_diamond_ore":4,"minecraft:grass_block":1,"minecraft:spruce_fence":2,"minecraft:redstone_wire":1,"minecraft:spruce_leaves":1,"minecraft:spawner":3,"minecraft:barrel":1,"minecraft:fire":2,"minecraft:iron_ore":14,"minecraft:cobbled_deepslate":4,"minecraft:andesite":18,"minecraft:fletching_table":1,"minecraft:gold_block":1,"minecraft:deepslate_iron_ore":14,"minecraft:vine":1,"minecraft:stone":14,"sophisticatedbackpacks:backpack":1,"minecraft:podzol":2,"minecraft:amethyst_cluster":2,"minecraft:crafting_table":4,"minecraft:torch":10,"minecraft:calcite":2,"minecraft:chest":16,"minecraft:tall_grass":2,"minecraft:cobblestone":6,"minecraft:deepslate_gold_ore":11,"minecraft:oak_planks":1,"minecraft:wall_torch":10,"minecraft:amethyst_block":1,"minecraft:tnt":15,"minecraft:black_bed":1,"minecraft:grass":22,"minecraft:coal_ore":4,"biomesoplenty:redwood_leaves":1,"minecraft:dirt":1,"minecraft:smooth_basalt":2,"cobblemon:sun_stone_ore":1,"minecraft:gold_ore":18,"minecraft:oak_leaves":3,"minecraft:deepslate":34},"minecraft:custom":{"minecraft:mob_kills":44,"minecraft:interact_with_crafting_table":15,"minecraft:open_barrel":45,"minecraft:eat_cake_slice":6,"minecraft:leave_game":3,"minecraft:time_since_death":37067,"minecraft:climb_one_cm":19232,"minecraft:sprint_one_cm":509239,"minecraft:walk_one_cm":436983,"minecraft:drop":76,"minecraft:play_time":121600,"minecraft:deaths":2,"minecraft:sneak_time":953,"minecraft:walk_under_water_one_cm":15072,"minecraft:jump":2243,"minecraft:walk_on_water_one_cm":33301,"minecraft:total_world_time":121600,"minecraft:interact_with_furnace":16,"minecraft:sleep_in_bed":3,"minecraft:time_since_rest":16658,"minecraft:damage_absorbed":39,"minecraft:damage_taken":2829,"minecraft:damage_dealt":8123,"minecraft:swim_one_cm":17863,"minecraft:fly_one_cm":436196,"minecraft:open_chest":44,"minecraft:crouch_one_cm":788,"minecraft:interact_with_smoker":2,"minecraft:fall_one_cm":47153},"minecraft:crafted":{"minecraft:oak_planks":36,"minecraft:iron_boots":1,"minecraft:stone_pickaxe":1,"minecraft:cooked_beef":7,"minecraft:cooked_porkchop":3,"minecraft:diamond_axe":1,"minecraft:crafting_table":1,"minecraft:baked_potato":2,"minecraft:wooden_pickaxe":1,"minecraft:iron_helmet":1,"minecraft:stone_axe":1,"minecraft:air":0,"minecraft:stick":24,"minecraft:iron_ingot":15,"minecraft:iron_pickaxe":1,"minecraft:stone_sword":1,"minecraft:iron_leggings":1,"minecraft:acacia_planks":36,"minecraft:torch":48,"minecraft:diamond_chestplate":1},"minecraft:picked_up":{"minecraft:crafting_table":5,"minecraft:chicken":7,"minecraft:chest_minecart":4,"cobblemon:yellow_apricorn":2,"cobblemon:red_apricorn":16,"minecraft:diamond_sword":2,"minecraft:wooden_pickaxe":3,"minecraft:potion":3,"minecraft:enchanted_book":4,"minecraft:chain":4,"minecraft:amethyst_block":1,"minecraft:string":12,"minecraft:raw_copper":21,"minecraft:item_frame":2,"minecraft:iron_leggings":2,"minecraft:blackstone":6,"minecraft:beetroot":7,"minecraft:gold_nugget":10,"minecraft:candle":1,"minecraft:diamond_leggings":1,"minecraft:detector_rail":12,"minecraft:cobbled_deepslate":64,"cobblemon:green_apricorn":9,"minecraft:beef":15,"cobblemon:oran_berry":3,"minecraft:calcite":2,"minecraft:poppy":1,"minecraft:iron_nugget":12,"minecraft:iron_pickaxe":3,"minecraft:melon_slice":4,"minecraft:chest":16,"minecraft:smooth_quartz_stairs":2,"minecraft:iron_boots":1,"minecraft:egg":22,"minecraft:furnace":3,"minecraft:raw_iron":29,"minecraft:stick":3,"minecraft:sandstone":4,"minecraft:stone":7,"minecraft:bowl":7,"minecraft:torch":59,"minecraft:acacia_log":9,"minecraft:spruce_fence":2,"sophisticatedbackpacks:backpack":4,"minecraft:porkchop":6,"cobblemon:vivichoke_seeds":2,"minecraft:vine":3,"minecraft:carrot":10,"minecraft:redstone":15,"minecraft:tnt":8,"minecraft:diamond_chestplate":2,"minecraft:rotten_flesh":10,"minecraft:arrow":45,"minecraft:beetroot_seeds":12,"minecraft:diamond_boots":2,"minecraft:bookshelf":2,"minecraft:gold_ingot":4,"minecraft:rail":34,"minecraft:glow_berries":5,"minecraft:mutton":11,"cobblemon:blue_apricorn":4,"minecraft:white_wool":1,"minecraft:cobblestone":95,"minecraft:cooked_beef":4,"minecraft:feather":4,"cobblemon:great_ball":6,"minecraft:glow_ink_sac":3,"minecraft:andesite":111,"minecraft:black_bed":1,"minecraft:leather":8,"minecraft:potato":16,"minecraft:flint":5,"minecraft:oak_log":9,"minecraft:gunpowder":2,"minecraft:paper":6,"minecraft:lapis_lazuli":79,"megamons:anistarite_geode_block":29,"minecraft:dirt":4,"minecraft:leather_boots":2,"minecraft:bone":26,"minecraft:acacia_planks":1,"minecraft:apple":13,"minecraft:bow":1,"cobblemon:black_apricorn":4,"minecraft:wheat_seeds":5,"minecraft:raw_gold":66,"minecraft:stone_pickaxe":3,"minecraft:iron_ingot":45,"minecraft:cobweb":2,"minecraft:glass_bottle":2,"minecraft:rabbit":8,"minecraft:fletching_table":1,"minecraft:diamond_helmet":1,"minecraft:powered_rail":1,"cobblemon:moon_stone":1,"cobblemon:wacan_berry":7,"minecraft:oak_planks":1,"minecraft:acacia_sapling":2,"cobblemon:sun_stone":2,"cobblemon:red_apricorn_seed":2,"minecraft:emerald_block":2,"minecraft:black_candle":1,"minecraft:milk_bucket":1,"minecraft:smooth_basalt":17,"minecraft:chiseled_polished_blackstone":6,"minecraft:cooked_porkchop":18,"minecraft:pumpkin":3,"minecraft:sweet_berries":9,"patchouli:guide_book":2,"cobblemon:black_apricorn_seed":1,"cobblemon:shiny_stone":1,"minecraft:sand":17,"minecraft:amethyst_shard":8,"minecraft:spruce_sapling":3,"minecraft:barrel":1,"minecraft:spider_eye":4,"megamons:anistarite_rough_geode_block":3,"cobblemon:poke_ball":6,"minecraft:diamond":24,"minecraft:stone_axe":2,"minecraft:iron_helmet":1,"minecraft:crossbow":1,"minecraft:golden_apple":2,"minecraft:bread":34,"minecraft:baked_potato":1,"minecraft:oak_sapling":3,"minecraft:coal":12,"minecraft:diamond_pickaxe":3},"minecraft:dropped":{"minecraft:bread":3,"cobblemon:wacan_berry":1,"minecraft:wheat_seeds":5,"minecraft:smooth_quartz_stairs":2,"minecraft:cooked_porkchop":3,"minecraft:feather":2,"minecraft:chest_minecart":1,"minecraft:rail":17,"minecraft:stick":2,"minecraft:dirt":4,"minecraft:iron_leggings":2,"minecraft:sand":9,"minecraft:iron_pickaxe":1,"minecraft:string":9,"minecraft:acacia_planks":1,"minecraft:spruce_sapling":1,"minecraft:bone":3,"cobblemon:red_apricorn":1,"minecraft:redstone":5,"minecraft:chiseled_polished_blackstone":3,"minecraft:furnace":1,"minecraft:stone_axe":1,"minecraft:blackstone":5,"minecraft:detector_rail":4,"minecraft:rotten_flesh":2,"minecraft:iron_boots":1,"minecraft:andesite":22,"minecraft:beetroot_seeds":8,"minecraft:acacia_sapling":2,"minecraft:spider_eye":1,"minecraft:arrow":2,"minecraft:powered_rail":1,"minecraft:wooden_pickaxe":3,"minecraft:stone_pickaxe":3,"minecraft:egg":2}},"DataVersion":3465}