{"stats":{"minecraft:used":{"minecraft:cooked_porkchop":2},"minecraft:mined":{"minecraft:grass":20,"minecraft:tall_grass":1,"minecraft:fletching_table":1},"minecraft:custom":{"minecraft:time_since_rest":8766,"minecraft:open_chest":2,"minecraft:crouch_one_cm":227,"minecraft:sprint_one_cm":32604,"minecraft:play_time":15266,"minecraft:damage_taken":224,"minecraft:walk_one_cm":55830,"minecraft:sneak_time":84,"minecraft:walk_under_water_one_cm":1201,"minecraft:drop":1,"minecraft:jump":244,"minecraft:damage_dealt":239,"minecraft:leave_game":1,"minecraft:walk_on_water_one_cm":2014,"minecraft:time_since_death":15266,"minecraft:sleep_in_bed":2,"minecraft:climb_one_cm":110,"minecraft:total_world_time":15266,"minecraft:swim_one_cm":5416,"minecraft:fall_one_cm":9800,"minecraft:fly_one_cm":52066},"minecraft:picked_up":{"minecraft:feather":1,"minecraft:chicken":1,"minecraft:cooked_porkchop":11,"minecraft:wheat_seeds":5,"minecraft:acacia_log":9,"minecraft:potato":1,"minecraft:oak_log":9,"minecraft:fletching_table":1,"cobblemon:wacan_berry":7,"minecraft:acacia_sapling":1,"minecraft:string":2},"minecraft:dropped":{"cobblemon:wacan_berry":1}},"DataVersion":3465}