{"stats":{"minecraft:used":{"minecraft:stone_sword":34,"minecraft:torch":64,"minecraft:beef":4,"minecraft:furnace":2,"minecraft:cooked_beef":7,"minecraft:potato":1,"minecraft:cobbled_deepslate":15,"minecraft:stone_pickaxe":26,"minecraft:wooden_pickaxe":3,"minecraft:crafting_table":4,"sophisticatedbackpacks:backpack":1,"minecraft:diamond_pickaxe":59,"minecraft:bread":4,"minecraft:iron_pickaxe":84,"minecraft:stone_axe":14,"minecraft:diamond_sword":92,"minecraft:cobblestone":10,"minecraft:cooked_porkchop":17,"minecraft:andesite":25},"minecraft:killed":{"minecraft:spider":1,"minecraft:skeleton":18,"minecraft:husk":3,"minecraft:pig":2,"minecraft:zombie_villager":1,"minecraft:creeper":3,"minecraft:sheep":1,"minecraft:zombie":3,"minecraft:wither_skeleton":4,"minecraft:cow":4},"minecraft:killed_by":{"minecraft:player":1,"minecraft:zombie":1},"minecraft:mined":{"minecraft:deepslate_diamond_ore":4,"minecraft:grass_block":1,"minecraft:spruce_fence":2,"minecraft:redstone_wire":1,"minecraft:spruce_leaves":1,"minecraft:spawner":3,"minecraft:fire":2,"minecraft:iron_ore":14,"minecraft:cobbled_deepslate":4,"minecraft:andesite":18,"minecraft:fletching_table":1,"minecraft:gold_block":1,"minecraft:deepslate_iron_ore":14,"minecraft:vine":1,"minecraft:stone":14,"sophisticatedbackpacks:backpack":1,"minecraft:podzol":2,"minecraft:amethyst_cluster":2,"minecraft:crafting_table":4,"minecraft:torch":9,"minecraft:calcite":2,"minecraft:tall_grass":2,"minecraft:cobblestone":6,"minecraft:deepslate_gold_ore":11,"minecraft:wall_torch":7,"minecraft:amethyst_block":1,"minecraft:black_bed":1,"minecraft:grass":22,"minecraft:coal_ore":4,"biomesoplenty:redwood_leaves":1,"minecraft:dirt":1,"minecraft:smooth_basalt":2,"cobblemon:sun_stone_ore":1,"minecraft:gold_ore":18,"minecraft:oak_leaves":3,"minecraft:deepslate":34},"minecraft:custom":{"minecraft:mob_kills":42,"minecraft:interact_with_crafting_table":13,"minecraft:open_barrel":34,"minecraft:leave_game":3,"minecraft:time_since_death":13067,"minecraft:climb_one_cm":12135,"minecraft:sprint_one_cm":400085,"minecraft:walk_one_cm":350530,"minecraft:drop":74,"minecraft:play_time":97600,"minecraft:deaths":2,"minecraft:sneak_time":725,"minecraft:walk_under_water_one_cm":14701,"minecraft:jump":1937,"minecraft:walk_on_water_one_cm":31023,"minecraft:total_world_time":97600,"minecraft:interact_with_furnace":8,"minecraft:sleep_in_bed":2,"minecraft:time_since_rest":13132,"minecraft:damage_taken":2518,"minecraft:damage_dealt":7596,"minecraft:swim_one_cm":12103,"minecraft:fly_one_cm":385712,"minecraft:open_chest":15,"minecraft:crouch_one_cm":750,"minecraft:fall_one_cm":39919},"minecraft:crafted":{"minecraft:oak_planks":36,"minecraft:iron_boots":1,"minecraft:stone_pickaxe":1,"minecraft:cooked_beef":7,"minecraft:cooked_porkchop":3,"minecraft:crafting_table":1,"minecraft:wooden_pickaxe":1,"minecraft:iron_helmet":1,"minecraft:stone_axe":1,"minecraft:air":0,"minecraft:stick":20,"minecraft:iron_ingot":15,"minecraft:iron_pickaxe":1,"minecraft:stone_sword":1,"minecraft:iron_leggings":1,"minecraft:acacia_planks":36,"minecraft:torch":48,"minecraft:diamond_chestplate":1},"minecraft:picked_up":{"minecraft:crafting_table":5,"minecraft:chicken":1,"minecraft:chest_minecart":4,"cobblemon:yellow_apricorn":2,"cobblemon:red_apricorn":16,"minecraft:diamond_sword":2,"minecraft:wooden_pickaxe":3,"minecraft:enchanted_book":3,"minecraft:amethyst_block":1,"minecraft:string":11,"minecraft:raw_copper":21,"minecraft:iron_leggings":2,"minecraft:blackstone":6,"minecraft:diamond_leggings":1,"minecraft:detector_rail":12,"minecraft:cobbled_deepslate":47,"cobblemon:green_apricorn":9,"minecraft:beef":11,"cobblemon:oran_berry":3,"minecraft:calcite":2,"minecraft:iron_pickaxe":2,"minecraft:smooth_quartz_stairs":2,"minecraft:iron_boots":1,"minecraft:egg":2,"minecraft:furnace":3,"minecraft:raw_iron":29,"minecraft:stick":3,"minecraft:torch":55,"minecraft:acacia_log":9,"minecraft:spruce_fence":2,"sophisticatedbackpacks:backpack":4,"minecraft:porkchop":6,"cobblemon:vivichoke_seeds":2,"minecraft:redstone":15,"minecraft:diamond_chestplate":1,"minecraft:rotten_flesh":8,"minecraft:arrow":33,"minecraft:beetroot_seeds":12,"minecraft:diamond_boots":1,"minecraft:gold_ingot":4,"minecraft:rail":34,"minecraft:glow_berries":5,"minecraft:mutton":4,"cobblemon:blue_apricorn":4,"minecraft:white_wool":1,"minecraft:cobblestone":88,"minecraft:feather":2,"cobblemon:great_ball":6,"minecraft:glow_ink_sac":3,"minecraft:andesite":111,"minecraft:black_bed":1,"minecraft:leather":4,"minecraft:potato":1,"minecraft:oak_log":9,"minecraft:gunpowder":2,"minecraft:lapis_lazuli":79,"megamons:anistarite_geode_block":28,"minecraft:dirt":4,"minecraft:leather_boots":2,"minecraft:bone":26,"minecraft:acacia_planks":1,"minecraft:bow":1,"cobblemon:black_apricorn":4,"minecraft:wheat_seeds":5,"minecraft:raw_gold":65,"minecraft:stone_pickaxe":3,"minecraft:iron_ingot":45,"minecraft:fletching_table":1,"minecraft:diamond_helmet":1,"minecraft:powered_rail":1,"cobblemon:moon_stone":1,"cobblemon:wacan_berry":7,"minecraft:acacia_sapling":2,"cobblemon:sun_stone":2,"cobblemon:red_apricorn_seed":2,"minecraft:smooth_basalt":17,"minecraft:chiseled_polished_blackstone":6,"minecraft:cooked_porkchop":18,"patchouli:guide_book":2,"cobblemon:black_apricorn_seed":1,"cobblemon:shiny_stone":1,"minecraft:sand":16,"minecraft:amethyst_shard":8,"minecraft:spruce_sapling":3,"minecraft:spider_eye":2,"megamons:anistarite_rough_geode_block":3,"cobblemon:poke_ball":6,"minecraft:diamond":24,"minecraft:stone_axe":2,"minecraft:iron_helmet":1,"minecraft:golden_apple":2,"minecraft:bread":10,"minecraft:baked_potato":1,"minecraft:coal":12,"minecraft:diamond_pickaxe":2},"minecraft:dropped":{"minecraft:bread":3,"cobblemon:wacan_berry":1,"minecraft:wheat_seeds":5,"minecraft:smooth_quartz_stairs":2,"minecraft:cooked_porkchop":3,"minecraft:feather":2,"minecraft:chest_minecart":1,"minecraft:rail":17,"minecraft:stick":2,"minecraft:dirt":4,"minecraft:iron_leggings":2,"minecraft:sand":8,"minecraft:iron_pickaxe":1,"minecraft:string":9,"minecraft:acacia_planks":1,"minecraft:spruce_sapling":1,"minecraft:bone":3,"cobblemon:red_apricorn":1,"minecraft:redstone":5,"minecraft:chiseled_polished_blackstone":3,"minecraft:furnace":1,"minecraft:stone_axe":1,"minecraft:blackstone":5,"minecraft:detector_rail":4,"minecraft:rotten_flesh":2,"minecraft:andesite":22,"minecraft:beetroot_seeds":8,"minecraft:acacia_sapling":2,"minecraft:spider_eye":1,"minecraft:arrow":2,"minecraft:powered_rail":1,"minecraft:wooden_pickaxe":3,"minecraft:stone_pickaxe":3,"minecraft:egg":2}},"DataVersion":3465}