{"stats":{"minecraft:mined":{"minecraft:grass":12,"minecraft:tall_grass":1,"minecraft:fletching_table":1},"minecraft:custom":{"minecraft:time_since_rest":0,"minecraft:open_chest":2,"minecraft:play_time":5851,"minecraft:sprint_one_cm":10453,"minecraft:damage_taken":126,"minecraft:walk_one_cm":16657,"minecraft:sneak_time":6,"minecraft:walk_under_water_one_cm":1201,"minecraft:jump":130,"minecraft:damage_dealt":160,"minecraft:leave_game":1,"minecraft:time_since_death":5851,"minecraft:walk_on_water_one_cm":1762,"minecraft:sleep_in_bed":1,"minecraft:total_world_time":5851,"minecraft:climb_one_cm":110,"minecraft:swim_one_cm":5416,"minecraft:fall_one_cm":6902,"minecraft:fly_one_cm":29947},"minecraft:picked_up":{"minecraft:wheat_seeds":4,"minecraft:acacia_log":9,"minecraft:oak_log":9,"minecraft:fletching_table":1,"minecraft:acacia_sapling":1}},"DataVersion":3465}