{"stats":{"minecraft:used":{"minecraft:stone_sword":4,"minecraft:stone_pickaxe":26,"minecraft:wooden_pickaxe":3,"minecraft:torch":14,"minecraft:crafting_table":3,"sophisticatedbackpacks:backpack":1,"minecraft:bread":4,"minecraft:iron_pickaxe":6,"minecraft:stone_axe":12,"minecraft:cooked_porkchop":8,"minecraft:potato":1,"minecraft:cobbled_deepslate":1},"minecraft:killed":{"minecraft:zombie_villager":1,"minecraft:creeper":1,"minecraft:skeleton":2,"minecraft:zombie":1},"minecraft:custom":{"minecraft:interact_with_furnace":1,"minecraft:mob_kills":5,"minecraft:interact_with_crafting_table":8,"minecraft:leave_game":2,"minecraft:time_since_death":50373,"minecraft:sleep_in_bed":2,"minecraft:climb_one_cm":6711,"minecraft:time_since_rest":43873,"minecraft:sprint_one_cm":168279,"minecraft:damage_taken":714,"minecraft:walk_one_cm":189287,"minecraft:drop":52,"minecraft:damage_dealt":1110,"minecraft:swim_one_cm":12103,"minecraft:fly_one_cm":179278,"minecraft:open_chest":2,"minecraft:crouch_one_cm":344,"minecraft:play_time":50373,"minecraft:sneak_time":284,"minecraft:walk_under_water_one_cm":6152,"minecraft:jump":1002,"minecraft:walk_on_water_one_cm":7621,"minecraft:total_world_time":50373,"minecraft:fall_one_cm":22041},"minecraft:mined":{"minecraft:podzol":2,"minecraft:crafting_table":3,"minecraft:torch":3,"minecraft:grass_block":1,"minecraft:spruce_fence":2,"minecraft:cobblestone":1,"minecraft:tall_grass":2,"minecraft:spruce_leaves":1,"minecraft:wall_torch":5,"minecraft:cobbled_deepslate":1,"minecraft:fletching_table":1,"minecraft:grass":22,"minecraft:coal_ore":2,"minecraft:vine":1,"minecraft:deepslate_iron_ore":2,"biomesoplenty:redwood_leaves":1,"minecraft:dirt":1,"minecraft:stone":3,"sophisticatedbackpacks:backpack":1,"minecraft:oak_leaves":3,"minecraft:deepslate":9},"minecraft:crafted":{"minecraft:oak_planks":36,"minecraft:crafting_table":1,"minecraft:wooden_pickaxe":1,"minecraft:stone_axe":1,"minecraft:stick":20,"minecraft:iron_pickaxe":1,"minecraft:stone_pickaxe":1,"minecraft:stone_sword":1,"minecraft:acacia_planks":36,"minecraft:torch":48},"minecraft:picked_up":{"minecraft:crafting_table":3,"minecraft:feather":2,"minecraft:chicken":1,"minecraft:chest_minecart":3,"cobblemon:yellow_apricorn":2,"cobblemon:red_apricorn":10,"minecraft:wooden_pickaxe":3,"minecraft:potato":1,"minecraft:oak_log":9,"minecraft:string":4,"minecraft:dirt":4,"minecraft:bone":2,"minecraft:acacia_planks":1,"cobblemon:black_apricorn":4,"minecraft:wheat_seeds":5,"minecraft:detector_rail":8,"minecraft:cobbled_deepslate":8,"cobblemon:green_apricorn":9,"minecraft:iron_ingot":4,"minecraft:stone_pickaxe":2,"cobblemon:oran_berry":3,"minecraft:fletching_table":1,"minecraft:powered_rail":1,"cobblemon:wacan_berry":7,"minecraft:acacia_sapling":2,"minecraft:egg":2,"cobblemon:red_apricorn_seed":2,"minecraft:stick":3,"minecraft:raw_iron":2,"minecraft:cooked_porkchop":14,"cobblemon:black_apricorn_seed":1,"minecraft:torch":15,"minecraft:acacia_log":9,"minecraft:spruce_fence":2,"sophisticatedbackpacks:backpack":2,"minecraft:spruce_sapling":3,"minecraft:redstone":10,"minecraft:arrow":4,"minecraft:rotten_flesh":2,"minecraft:beetroot_seeds":8,"minecraft:golden_apple":2,"minecraft:bread":10,"cobblemon:blue_apricorn":3,"minecraft:rail":24,"minecraft:cobblestone":4},"minecraft:dropped":{"minecraft:bread":3,"cobblemon:wacan_berry":1,"minecraft:wheat_seeds":5,"minecraft:detector_rail":4,"minecraft:cooked_porkchop":3,"minecraft:feather":2,"minecraft:chest_minecart":1,"minecraft:rail":17,"minecraft:stick":2,"minecraft:dirt":4,"minecraft:beetroot_seeds":4,"minecraft:acacia_sapling":2,"minecraft:arrow":2,"minecraft:powered_rail":1,"minecraft:stone_pickaxe":2,"minecraft:wooden_pickaxe":3,"minecraft:string":2,"minecraft:redstone":5,"minecraft:acacia_planks":1,"minecraft:bone":1,"minecraft:spruce_sapling":1,"cobblemon:red_apricorn":1,"minecraft:egg":2}},"DataVersion":3465}