{"stats":{"minecraft:used":{"minecraft:cooked_mutton":11,"minecraft:rose_bush":1,"minecraft:acacia_log":1,"minecraft:leather_leggings":2,"minecraft:stone_sword":76,"minecraft:stone_pickaxe":51,"minecraft:wooden_pickaxe":32,"minecraft:leather_chestplate":2,"minecraft:torch":7,"minecraft:dirt":9,"minecraft:crafting_table":8,"minecraft:blast_furnace":1,"minecraft:white_bed":1,"minecraft:oak_log":2,"minecraft:black_wool":1,"minecraft:melon_slice":2,"minecraft:iron_pickaxe":3,"minecraft:stone_axe":37,"minecraft:furnace":3,"minecraft:oak_boat":2,"minecraft:egg":1,"minecraft:cooked_beef":7,"minecraft:acacia_planks":4},"minecraft:killed":{"cobblemon:pokemon":1,"minecraft:spider":3,"minecraft:sheep":13,"minecraft:zombie":2,"minecraft:drowned":1,"minecraft:cow":2},"minecraft:killed_by":{"minecraft:player":1},"minecraft:mined":{"minecraft:acacia_leaves":9,"minecraft:white_bed":1,"cobblemon:leaf_stone_ore":4,"minecraft:crafting_table":5,"minecraft:blast_furnace":1,"minecraft:acacia_log":10,"minecraft:grass_block":5,"minecraft:melon":5,"minecraft:rose_bush":1,"minecraft:tall_grass":3,"minecraft:copper_ore":7,"minecraft:lapis_ore":2,"minecraft:wall_torch":1,"minecraft:tall_seagrass":1,"minecraft:furnace":2,"minecraft:wheat":2,"minecraft:suspicious_sand":1,"minecraft:grass":21,"minecraft:oak_log":6,"minecraft:coal_ore":2,"minecraft:sand":1,"minecraft:dirt":9,"minecraft:stripped_acacia_log":4,"minecraft:stripped_oak_log":4,"minecraft:stone":61,"minecraft:oak_leaves":79,"minecraft:fern":1},"minecraft:custom":{"minecraft:interact_with_furnace":26,"minecraft:mob_kills":22,"minecraft:interact_with_crafting_table":16,"minecraft:open_barrel":6,"minecraft:leave_game":2,"minecraft:time_since_death":67291,"minecraft:sleep_in_bed":3,"minecraft:climb_one_cm":3837,"minecraft:time_since_rest":15336,"minecraft:sprint_one_cm":319635,"minecraft:damage_taken":1488,"minecraft:walk_one_cm":123967,"minecraft:drop":3,"minecraft:damage_dealt":3320,"minecraft:talked_to_villager":1,"minecraft:swim_one_cm":72360,"minecraft:fly_one_cm":330175,"minecraft:open_chest":33,"minecraft:crouch_one_cm":1338,"minecraft:play_time":74564,"minecraft:deaths":2,"minecraft:sneak_time":467,"minecraft:walk_under_water_one_cm":12368,"minecraft:boat_one_cm":93555,"minecraft:jump":1433,"minecraft:interact_with_blast_furnace":6,"minecraft:walk_on_water_one_cm":13775,"minecraft:total_world_time":74564,"minecraft:fall_one_cm":52241},"minecraft:crafted":{"minecraft:cooked_beef":7,"minecraft:oak_planks":16,"sophisticatedbackpacks:backpack":1,"minecraft:crafting_table":3,"minecraft:wooden_pickaxe":1,"minecraft:furnace":1,"minecraft:copper_ingot":19,"cobblemon:premier_ball":4,"minecraft:stone_axe":1,"minecraft:cooked_mutton":14,"minecraft:air":0,"minecraft:oak_boat":1,"minecraft:iron_boots":1,"minecraft:iron_chestplate":1,"minecraft:charcoal":2,"naturescompass:naturescompass":1,"minecraft:stick":8,"minecraft:iron_ingot":8,"minecraft:stone_pickaxe":1,"minecraft:stone_sword":1,"minecraft:chest":1,"minecraft:iron_leggings":1,"minecraft:white_bed":1,"minecraft:acacia_planks":36,"minecraft:torch":4},"minecraft:picked_up":{"minecraft:stripped_oak_log":4,"cobblemon:leaf_stone":4,"minecraft:crafting_table":5,"minecraft:leather_chestplate":1,"minecraft:brown_wool":1,"minecraft:leather_leggings":1,"cobblemon:yellow_apricorn":1,"minecraft:leather":4,"cobblemon:red_apricorn":7,"cobblemon:pinap_berry":6,"minecraft:oak_log":6,"minecraft:lapis_lazuli":16,"minecraft:dirt":13,"minecraft:string":5,"cobblemon:pink_apricorn_seed":1,"minecraft:raw_copper":19,"cobblemon:white_apricorn":8,"minecraft:bone":1,"minecraft:wheat_seeds":19,"cobblemon:black_apricorn":1,"cobblemon:white_apricorn_seed":1,"minecraft:beef":7,"minecraft:oak_boat":1,"cobblemon:oran_berry":13,"minecraft:rose_bush":1,"minecraft:melon_slice":24,"minecraft:acacia_sapling":1,"minecraft:egg":8,"minecraft:furnace":2,"minecraft:stick":8,"minecraft:torch":3,"minecraft:acacia_log":9,"minecraft:sand":1,"cobblemon:rawst_berry":3,"cobblemon:pink_apricorn":4,"minecraft:blast_furnace":1,"cobblemon:vivichoke_seeds":2,"minecraft:white_bed":1,"minecraft:spider_eye":2,"minecraft:stripped_acacia_log":4,"minecraft:rotten_flesh":2,"minecraft:saddle":1,"minecraft:oak_sapling":5,"minecraft:black_wool":1,"minecraft:melon_seeds":2,"minecraft:mutton":28,"minecraft:coal":2,"minecraft:white_wool":11,"minecraft:cobblestone":62},"minecraft:dropped":{"minecraft:wheat_seeds":11,"minecraft:oak_sapling":1,"minecraft:wooden_pickaxe":1}},"DataVersion":3465}