{"stats":{"minecraft:custom":{"minecraft:mob_kills":1,"minecraft:leave_game":5,"minecraft:time_since_death":68,"minecraft:time_since_rest":109,"minecraft:sprint_one_cm":71939,"minecraft:damage_absorbed":80,"minecraft:damage_taken":3645,"minecraft:walk_one_cm":73303,"minecraft:drop":159,"minecraft:damage_dealt":513,"minecraft:talked_to_villager":2,"minecraft:fly_one_cm":154575,"minecraft:open_chest":18,"minecraft:crouch_one_cm":1900,"minecraft:play_time":25640,"minecraft:deaths":10,"minecraft:sneak_time":500,"minecraft:jump":315,"minecraft:walk_on_water_one_cm":164,"minecraft:total_world_time":25640,"minecraft:fall_one_cm":5227,"minecraft:horse_one_cm":338},"minecraft:used":{"minecraft:jack_o_lantern":5,"minecraft:ender_pearl":3,"minecraft:white_terracotta":7,"lucky:lucky_sword":2,"minecraft:oak_leaves":2,"minecraft:golden_apple":2,"minecraft:pink_terracotta":1,"lucky:lucky_block":44,"minecraft:yellow_wool":1,"minecraft:golden_sword":1,"minecraft:wooden_sword":1,"minecraft:written_book":1,"minecraft:end_portal_frame":1,"minecraft:purple_wool":1,"minecraft:splash_potion":1},"minecraft:mined":{"lucky:lucky_block":21,"minecraft:oak_leaves":1},"minecraft:killed_by":{"minecraft:player":1,"minecraft:slime":1},"minecraft:killed":{"minecraft:llama":1},"minecraft:dropped":{"minecraft:enchanted_book":6,"minecraft:iron_sword":1,"minecraft:lapis_lazuli":11,"minecraft:golden_pickaxe":1,"lucky:lucky_block":1,"minecraft:diamond":10,"minecraft:nether_star":1,"minecraft:prismarine_crystals":1,"minecraft:apple":4,"minecraft:leather":4,"minecraft:prismarine":1,"minecraft:golden_shovel":1,"minecraft:azure_bluet":22,"minecraft:leather_helmet":1,"minecraft:eye_armor_trim_smithing_template":2,"minecraft:emerald":12,"minecraft:oxeye_daisy":16,"minecraft:poppy":12,"minecraft:allium":12,"minecraft:mutton":4,"minecraft:jack_o_lantern":9,"minecraft:golden_sword":1,"minecraft:pumpkin":16,"minecraft:golden_hoe":1,"lucky:lucky_sword":2,"minecraft:pink_tulip":8,"minecraft:gold_ingot":4},"minecraft:picked_up":{"minecraft:wooden_axe":1,"minecraft:allium":14,"minecraft:azure_bluet":22,"minecraft:purple_wool":1,"minecraft:splash_potion":4,"minecraft:creeper_head":1,"minecraft:prismarine_shard":46,"minecraft:yellow_wool":1,"minecraft:golden_pickaxe":1,"minecraft:leather":4,"minecraft:wooden_pickaxe":1,"minecraft:end_portal_frame":1,"minecraft:potion":4,"minecraft:enchanted_book":13,"minecraft:golden_shovel":1,"minecraft:golden_sword":1,"lucky:lucky_block":1,"minecraft:wooden_hoe":1,"minecraft:lapis_lazuli":18,"lucky:lucky_bow":1,"minecraft:wooden_sword":1,"minecraft:quartz_slab":3,"minecraft:pufferfish":4,"minecraft:blue_orchid":12,"minecraft:apple":5,"minecraft:gold_nugget":3,"lucky:lucky_sword":2,"minecraft:eye_armor_trim_smithing_template":1,"minecraft:written_book":1,"minecraft:wooden_shovel":1,"minecraft:poppy":13,"minecraft:quartz_stairs":2,"minecraft:prismarine":23,"minecraft:pumpkin":16,"minecraft:dandelion":9,"minecraft:golden_axe":1,"minecraft:prismarine_crystals":25,"minecraft:sea_lantern":6,"minecraft:leather_helmet":1,"minecraft:quartz_block":5,"minecraft:rotten_flesh":2,"minecraft:diamond":13,"minecraft:golden_hoe":1,"minecraft:pink_tulip":8,"minecraft:gold_ingot":4,"minecraft:emerald":18,"minecraft:jack_o_lantern":14,"minecraft:skeleton_skull":1,"minecraft:mutton":4,"minecraft:ender_pearl":13,"minecraft:nether_star":1,"minecraft:oxeye_daisy":16}},"DataVersion":3465}