{"stats":{"minecraft:used":{"minecraft:cooked_mutton":8,"minecraft:acacia_log":1,"minecraft:leather_leggings":2,"minecraft:stone_sword":57,"minecraft:stone_pickaxe":51,"minecraft:wooden_pickaxe":32,"minecraft:leather_chestplate":2,"minecraft:torch":7,"minecraft:dirt":9,"minecraft:crafting_table":7,"minecraft:blast_furnace":1,"minecraft:white_bed":1,"minecraft:oak_log":2,"minecraft:black_wool":1,"minecraft:melon_slice":2,"minecraft:iron_pickaxe":1,"minecraft:stone_axe":25,"minecraft:furnace":3,"minecraft:egg":1,"minecraft:cooked_beef":4,"minecraft:acacia_planks":4},"minecraft:killed":{"cobblemon:pokemon":1,"minecraft:spider":3,"minecraft:sheep":13,"minecraft:cow":2},"minecraft:killed_by":{"minecraft:player":1},"minecraft:mined":{"minecraft:acacia_leaves":6,"minecraft:white_bed":1,"cobblemon:leaf_stone_ore":4,"minecraft:crafting_table":5,"minecraft:blast_furnace":1,"minecraft:acacia_log":9,"minecraft:grass_block":5,"minecraft:melon":5,"minecraft:tall_grass":3,"minecraft:copper_ore":7,"minecraft:lapis_ore":2,"minecraft:wall_torch":1,"minecraft:tall_seagrass":1,"minecraft:furnace":2,"minecraft:wheat":2,"minecraft:grass":21,"minecraft:oak_log":3,"minecraft:coal_ore":2,"minecraft:dirt":9,"minecraft:stripped_acacia_log":4,"minecraft:stripped_oak_log":4,"minecraft:stone":61,"minecraft:oak_leaves":69,"minecraft:fern":1},"minecraft:custom":{"minecraft:interact_with_furnace":26,"minecraft:mob_kills":19,"minecraft:interact_with_crafting_table":15,"minecraft:open_barrel":6,"minecraft:leave_game":2,"minecraft:time_since_death":55291,"minecraft:sleep_in_bed":3,"minecraft:climb_one_cm":3837,"minecraft:time_since_rest":3336,"minecraft:sprint_one_cm":277685,"minecraft:damage_taken":1114,"minecraft:walk_one_cm":105458,"minecraft:drop":2,"minecraft:damage_dealt":2614,"minecraft:talked_to_villager":1,"minecraft:swim_one_cm":53148,"minecraft:fly_one_cm":290217,"minecraft:open_chest":28,"minecraft:crouch_one_cm":1228,"minecraft:play_time":62564,"minecraft:deaths":2,"minecraft:sneak_time":391,"minecraft:walk_under_water_one_cm":7441,"minecraft:jump":1218,"minecraft:interact_with_blast_furnace":6,"minecraft:walk_on_water_one_cm":9966,"minecraft:total_world_time":62564,"minecraft:fall_one_cm":44071},"minecraft:crafted":{"minecraft:cooked_beef":7,"minecraft:oak_planks":4,"sophisticatedbackpacks:backpack":1,"minecraft:crafting_table":2,"minecraft:wooden_pickaxe":1,"minecraft:furnace":1,"minecraft:copper_ingot":19,"cobblemon:premier_ball":4,"minecraft:stone_axe":1,"minecraft:cooked_mutton":14,"minecraft:air":0,"minecraft:iron_boots":1,"minecraft:iron_chestplate":1,"minecraft:charcoal":2,"naturescompass:naturescompass":1,"minecraft:stick":8,"minecraft:iron_ingot":8,"minecraft:stone_pickaxe":1,"minecraft:stone_sword":1,"minecraft:chest":1,"minecraft:iron_leggings":1,"minecraft:white_bed":1,"minecraft:acacia_planks":36,"minecraft:torch":4},"minecraft:picked_up":{"minecraft:stripped_oak_log":4,"cobblemon:leaf_stone":4,"minecraft:crafting_table":5,"minecraft:leather_chestplate":1,"minecraft:brown_wool":1,"minecraft:leather_leggings":1,"cobblemon:yellow_apricorn":1,"minecraft:leather":4,"cobblemon:red_apricorn":3,"cobblemon:pinap_berry":6,"minecraft:oak_log":3,"minecraft:lapis_lazuli":16,"minecraft:dirt":13,"minecraft:string":5,"minecraft:raw_copper":19,"cobblemon:white_apricorn":5,"minecraft:bone":1,"minecraft:wheat_seeds":19,"cobblemon:black_apricorn":1,"cobblemon:white_apricorn_seed":1,"minecraft:beef":7,"cobblemon:oran_berry":10,"minecraft:melon_slice":24,"minecraft:acacia_sapling":1,"minecraft:egg":8,"minecraft:furnace":2,"minecraft:stick":8,"minecraft:torch":3,"minecraft:acacia_log":8,"cobblemon:rawst_berry":3,"minecraft:blast_furnace":1,"cobblemon:vivichoke_seeds":2,"minecraft:white_bed":1,"minecraft:spider_eye":2,"minecraft:stripped_acacia_log":4,"minecraft:saddle":1,"minecraft:oak_sapling":4,"minecraft:black_wool":1,"minecraft:melon_seeds":2,"minecraft:mutton":28,"minecraft:coal":2,"minecraft:white_wool":11,"minecraft:cobblestone":62},"minecraft:dropped":{"minecraft:wheat_seeds":11,"minecraft:wooden_pickaxe":1}},"DataVersion":3465}