{"stats":{"minecraft:used":{"minecraft:cooked_mutton":3,"minecraft:leather_leggings":2,"minecraft:stone_sword":33,"minecraft:acacia_log":1,"minecraft:stone_pickaxe":9,"minecraft:leather_chestplate":2,"minecraft:wooden_pickaxe":32,"minecraft:torch":3,"minecraft:dirt":9,"minecraft:crafting_table":4,"minecraft:white_bed":1,"minecraft:melon_slice":2,"minecraft:stone_axe":9,"minecraft:furnace":1,"minecraft:egg":1,"minecraft:acacia_planks":4},"minecraft:killed":{"minecraft:sheep":12,"minecraft:cow":1},"minecraft:killed_by":{"minecraft:player":1},"minecraft:mined":{"minecraft:acacia_leaves":6,"minecraft:white_bed":1,"minecraft:crafting_table":3,"minecraft:acacia_log":9,"minecraft:grass_block":4,"minecraft:melon":5,"minecraft:tall_grass":2,"minecraft:copper_ore":3,"minecraft:tall_seagrass":1,"minecraft:wheat":2,"minecraft:grass":17,"minecraft:coal_ore":2,"minecraft:dirt":9,"minecraft:stripped_acacia_log":4,"minecraft:stone":33,"minecraft:fern":1},"minecraft:custom":{"minecraft:interact_with_furnace":4,"minecraft:mob_kills":13,"minecraft:interact_with_crafting_table":7,"minecraft:leave_game":1,"minecraft:time_since_death":19563,"minecraft:sleep_in_bed":2,"minecraft:climb_one_cm":53,"minecraft:time_since_rest":4197,"minecraft:sprint_one_cm":102798,"minecraft:damage_taken":655,"minecraft:walk_one_cm":39774,"minecraft:drop":2,"minecraft:damage_dealt":1625,"minecraft:swim_one_cm":35233,"minecraft:fly_one_cm":111692,"minecraft:open_chest":3,"minecraft:crouch_one_cm":739,"minecraft:play_time":26836,"minecraft:deaths":2,"minecraft:sneak_time":278,"minecraft:walk_under_water_one_cm":6102,"minecraft:jump":455,"minecraft:walk_on_water_one_cm":4658,"minecraft:total_world_time":26836,"minecraft:fall_one_cm":15897},"minecraft:crafted":{"minecraft:crafting_table":1,"minecraft:wooden_pickaxe":1,"minecraft:furnace":1,"minecraft:stone_axe":1,"minecraft:cooked_mutton":3,"minecraft:air":0,"minecraft:stick":8,"minecraft:stone_pickaxe":1,"minecraft:stone_sword":1,"minecraft:white_bed":1,"minecraft:acacia_planks":28,"minecraft:torch":4},"minecraft:picked_up":{"minecraft:crafting_table":3,"minecraft:leather_chestplate":1,"minecraft:brown_wool":1,"minecraft:leather":2,"minecraft:leather_leggings":1,"cobblemon:pinap_berry":6,"minecraft:dirt":12,"minecraft:raw_copper":8,"cobblemon:white_apricorn":3,"minecraft:bone":1,"minecraft:wheat_seeds":19,"minecraft:beef":2,"minecraft:melon_slice":24,"minecraft:acacia_sapling":1,"minecraft:egg":5,"minecraft:stick":2,"minecraft:torch":2,"minecraft:acacia_log":8,"cobblemon:rawst_berry":3,"cobblemon:vivichoke_seeds":2,"minecraft:white_bed":1,"minecraft:stripped_acacia_log":4,"minecraft:saddle":1,"minecraft:melon_seeds":2,"minecraft:black_wool":1,"minecraft:mutton":19,"minecraft:coal":2,"minecraft:white_wool":10,"minecraft:cobblestone":34},"minecraft:dropped":{"minecraft:wheat_seeds":11,"minecraft:wooden_pickaxe":1}},"DataVersion":3465}