{"stats":{"minecraft:used":{"minecraft:cooked_mutton":8,"minecraft:leather_leggings":2,"minecraft:stone_sword":56,"minecraft:acacia_log":1,"minecraft:stone_pickaxe":50,"minecraft:leather_chestplate":2,"minecraft:wooden_pickaxe":32,"minecraft:torch":5,"minecraft:dirt":9,"minecraft:crafting_table":5,"minecraft:white_bed":1,"minecraft:black_wool":1,"minecraft:melon_slice":2,"minecraft:stone_axe":10,"minecraft:furnace":2,"minecraft:egg":1,"minecraft:acacia_planks":4},"minecraft:killed":{"cobblemon:pokemon":1,"minecraft:spider":3,"minecraft:sheep":13,"minecraft:cow":2},"minecraft:killed_by":{"minecraft:player":1},"minecraft:mined":{"minecraft:acacia_leaves":6,"minecraft:white_bed":1,"cobblemon:leaf_stone_ore":4,"minecraft:crafting_table":4,"minecraft:acacia_log":9,"minecraft:grass_block":5,"minecraft:melon":5,"minecraft:tall_grass":2,"minecraft:copper_ore":7,"minecraft:lapis_ore":2,"minecraft:tall_seagrass":1,"minecraft:furnace":1,"minecraft:wheat":2,"minecraft:grass":20,"minecraft:coal_ore":2,"minecraft:dirt":9,"minecraft:stripped_acacia_log":4,"minecraft:stone":61,"minecraft:fern":1},"minecraft:custom":{"minecraft:interact_with_furnace":8,"minecraft:mob_kills":19,"minecraft:interact_with_crafting_table":9,"minecraft:leave_game":1,"minecraft:time_since_death":31563,"minecraft:sleep_in_bed":2,"minecraft:climb_one_cm":53,"minecraft:time_since_rest":16197,"minecraft:sprint_one_cm":172302,"minecraft:damage_taken":908,"minecraft:walk_one_cm":56125,"minecraft:drop":2,"minecraft:damage_dealt":2614,"minecraft:swim_one_cm":43936,"minecraft:fly_one_cm":214953,"minecraft:open_chest":3,"minecraft:crouch_one_cm":868,"minecraft:play_time":38836,"minecraft:deaths":2,"minecraft:sneak_time":330,"minecraft:walk_under_water_one_cm":7152,"minecraft:jump":887,"minecraft:walk_on_water_one_cm":8158,"minecraft:total_world_time":38836,"minecraft:fall_one_cm":29266},"minecraft:crafted":{"minecraft:crafting_table":1,"minecraft:wooden_pickaxe":1,"minecraft:furnace":1,"minecraft:stone_axe":1,"minecraft:cooked_mutton":8,"minecraft:air":0,"minecraft:stick":8,"minecraft:stone_pickaxe":1,"minecraft:stone_sword":1,"minecraft:chest":1,"minecraft:white_bed":1,"minecraft:acacia_planks":36,"minecraft:torch":4},"minecraft:picked_up":{"cobblemon:leaf_stone":4,"minecraft:crafting_table":4,"minecraft:leather_chestplate":1,"cobblemon:yellow_apricorn":1,"minecraft:brown_wool":1,"minecraft:leather":4,"minecraft:leather_leggings":1,"cobblemon:pinap_berry":6,"minecraft:lapis_lazuli":16,"minecraft:string":5,"minecraft:dirt":13,"minecraft:raw_copper":19,"cobblemon:white_apricorn":3,"minecraft:bone":1,"cobblemon:black_apricorn":1,"minecraft:wheat_seeds":19,"minecraft:beef":7,"minecraft:melon_slice":24,"minecraft:acacia_sapling":1,"minecraft:furnace":1,"minecraft:egg":8,"minecraft:stick":2,"minecraft:torch":2,"minecraft:acacia_log":8,"cobblemon:rawst_berry":3,"cobblemon:vivichoke_seeds":2,"minecraft:white_bed":1,"minecraft:spider_eye":2,"minecraft:stripped_acacia_log":4,"minecraft:saddle":1,"minecraft:melon_seeds":2,"minecraft:black_wool":1,"minecraft:mutton":28,"minecraft:coal":2,"minecraft:white_wool":11,"minecraft:cobblestone":62},"minecraft:dropped":{"minecraft:wheat_seeds":11,"minecraft:wooden_pickaxe":1}},"DataVersion":3465}