{"stats":{"minecraft:used":{"minecraft:iron_shovel":125,"minecraft:stone_sword":149,"minecraft:rose_bush":1,"minecraft:acacia_log":1,"minecraft:chest":1,"minecraft:shield":2,"minecraft:cooked_salmon":3,"minecraft:torch":39,"minecraft:dirt":11,"minecraft:spruce_stairs":3,"minecraft:dark_oak_planks":1,"minecraft:stone_bricks":1,"minecraft:bow":27,"minecraft:goat_horn":1,"minecraft:furnace":4,"minecraft:cooked_cod":3,"minecraft:egg":1,"minecraft:cooked_beef":15,"minecraft:acacia_planks":4,"minecraft:cooked_mutton":14,"minecraft:water_bucket":20,"minecraft:leather_leggings":2,"minecraft:stone_pickaxe":51,"minecraft:wooden_pickaxe":32,"minecraft:leather_chestplate":2,"minecraft:green_bed":1,"minecraft:golden_apple":12,"minecraft:sand":2,"minecraft:tnt":16,"minecraft:crafting_table":9,"minecraft:blast_furnace":1,"minecraft:white_bed":2,"minecraft:black_bed":1,"minecraft:oak_log":2,"minecraft:diamond_pickaxe":1,"minecraft:black_wool":1,"minecraft:iron_pickaxe":174,"minecraft:melon_slice":2,"minecraft:gravel":1,"minecraft:stone_axe":37,"minecraft:diamond_sword":220,"minecraft:cobblestone":4,"minecraft:bucket":20,"minecraft:oak_boat":3},"minecraft:killed":{"minecraft:witch":1,"minecraft:spider":8,"minecraft:skeleton":11,"minecraft:drowned":1,"minecraft:husk":9,"cobblemon:pokemon":1,"minecraft:creeper":1,"minecraft:sheep":13,"minecraft:pillager":1,"minecraft:zombie":4,"minecraft:wither_skeleton":2,"minecraft:cow":6},"minecraft:killed_by":{"minecraft:player":1,"minecraft:wither_skeleton":1,"minecraft:creeper":1},"minecraft:custom":{"minecraft:mob_kills":60,"minecraft:interact_with_crafting_table":22,"minecraft:open_barrel":44,"minecraft:leave_game":4,"minecraft:time_since_death":41493,"minecraft:climb_one_cm":4302,"minecraft:sprint_one_cm":667601,"minecraft:walk_one_cm":264298,"minecraft:damage_blocked_by_shield":60,"minecraft:drop":18,"minecraft:talked_to_villager":1,"minecraft:play_time":146360,"minecraft:deaths":4,"minecraft:sneak_time":1081,"minecraft:walk_under_water_one_cm":30486,"minecraft:boat_one_cm":145530,"minecraft:jump":2883,"minecraft:interact_with_blast_furnace":7,"minecraft:walk_on_water_one_cm":79505,"minecraft:total_world_time":146360,"minecraft:interact_with_furnace":33,"minecraft:sleep_in_bed":4,"minecraft:time_since_rest":34264,"minecraft:damage_taken":3932,"minecraft:damage_absorbed":352,"minecraft:damage_dealt":10928,"minecraft:swim_one_cm":101393,"minecraft:fly_one_cm":707486,"minecraft:player_kills":1,"minecraft:open_chest":60,"minecraft:crouch_one_cm":2302,"minecraft:fall_one_cm":84405},"minecraft:mined":{"minecraft:dark_oak_planks":1,"minecraft:white_bed":1,"minecraft:red_nether_bricks":3,"minecraft:acacia_log":10,"minecraft:grass_block":5,"minecraft:decorated_pot":1,"minecraft:sandstone":35,"minecraft:spawner":10,"minecraft:tall_seagrass":1,"minecraft:furnace":3,"minecraft:iron_ore":6,"minecraft:suspicious_sand":1,"minecraft:gold_block":7,"minecraft:stripped_acacia_log":4,"minecraft:stripped_oak_log":4,"minecraft:stone":118,"minecraft:green_bed":1,"minecraft:acacia_leaves":9,"megamons:anistarite_geode_block":1,"cobblemon:leaf_stone_ore":4,"minecraft:crafting_table":5,"minecraft:blast_furnace":1,"minecraft:melon":5,"minecraft:rose_bush":1,"minecraft:tall_grass":5,"minecraft:copper_ore":14,"minecraft:lapis_ore":2,"minecraft:wall_torch":1,"minecraft:spruce_stairs":3,"minecraft:nether_wart_block":1,"minecraft:wheat":2,"minecraft:tnt":125,"minecraft:black_bed":1,"minecraft:grass":29,"minecraft:oak_log":7,"minecraft:coal_ore":31,"minecraft:gravel":1,"minecraft:sand":126,"minecraft:dirt":11,"minecraft:stone_bricks":1,"minecraft:gold_ore":10,"minecraft:oak_leaves":79,"minecraft:fern":1},"minecraft:crafted":{"minecraft:oak_planks":20,"minecraft:furnace":2,"cobblemon:premier_ball":4,"minecraft:cooked_mutton":14,"minecraft:iron_boots":1,"minecraft:stone_pickaxe":1,"minecraft:chest":2,"minecraft:dark_oak_planks":12,"minecraft:cooked_beef":15,"minecraft:diamond_sword":1,"sophisticatedbackpacks:backpack":1,"minecraft:cooked_porkchop":3,"minecraft:crafting_table":4,"minecraft:wooden_pickaxe":1,"minecraft:copper_ingot":19,"minecraft:stone_axe":1,"minecraft:air":0,"minecraft:oak_boat":1,"minecraft:iron_chestplate":1,"minecraft:charcoal":2,"minecraft:shield":1,"naturescompass:naturescompass":1,"minecraft:stick":20,"minecraft:iron_ingot":12,"minecraft:stone_sword":1,"minecraft:iron_leggings":1,"minecraft:white_bed":1,"minecraft:acacia_planks":36,"minecraft:torch":36},"minecraft:broken":{"minecraft:stone_sword":1},"minecraft:picked_up":{"minecraft:crafting_table":5,"minecraft:iron_chestplate":3,"cobblemon:leaf_stone":4,"cobblemon:yellow_apricorn":5,"minecraft:leather_leggings":4,"cobblemon:red_apricorn":11,"minecraft:gold_block":7,"minecraft:potion":2,"minecraft:string":11,"minecraft:raw_copper":97,"minecraft:red_nether_bricks":1,"minecraft:iron_leggings":3,"cobblemon:white_apricorn":11,"minecraft:iron_shovel":2,"minecraft:bucket":1,"cobblemon:white_apricorn_seed":1,"minecraft:beef":15,"cobblemon:oran_berry":64,"minecraft:oak_boat":5,"minecraft:rose_bush":1,"minecraft:player_head":2,"minecraft:iron_pickaxe":2,"minecraft:melon_slice":24,"cobblemon:chople_berry":2,"minecraft:furnace":4,"minecraft:egg":8,"minecraft:iron_boots":3,"minecraft:stick":8,"minecraft:raw_iron":12,"minecraft:sandstone":31,"minecraft:copper_ingot":23,"minecraft:torch":3,"minecraft:acacia_log":9,"minecraft:green_bed":1,"minecraft:spruce_stairs":3,"sophisticatedbackpacks:backpack":4,"minecraft:porkchop":2,"cobblemon:rawst_berry":3,"cobblemon:vivichoke_seeds":2,"minecraft:goat_horn":1,"minecraft:dark_oak_planks":1,"minecraft:tnt":134,"minecraft:stone_sword":1,"minecraft:arrow":35,"minecraft:cactus":9,"minecraft:rotten_flesh":17,"minecraft:decorated_pot":1,"minecraft:saddle":1,"minecraft:mutton":28,"minecraft:white_wool":11,"minecraft:cobblestone":85,"minecraft:stripped_oak_log":4,"minecraft:leather_chestplate":1,"minecraft:cooked_beef":2,"cobblemon_armor_sets:pokemon_scraps":2,"minecraft:water_bucket":1,"minecraft:brown_wool":1,"minecraft:black_bed":1,"minecraft:leather":14,"cobblemon:pinap_berry":6,"minecraft:filled_map":1,"minecraft:oak_log":7,"minecraft:nether_wart_block":1,"minecraft:gunpowder":1,"minecraft:lapis_lazuli":16,"minecraft:dirt":17,"cobblemon:pink_apricorn_seed":1,"minecraft:bone":31,"minecraft:coast_armor_trim_smithing_template":2,"minecraft:stone_bricks":1,"minecraft:bow":2,"cobblemon:black_apricorn":1,"minecraft:wheat_seeds":20,"minecraft:raw_gold":23,"minecraft:iron_ingot":38,"minecraft:rabbit":2,"minecraft:acacia_sapling":1,"minecraft:gravel":1,"cobblemon:premier_ball":5,"minecraft:sand":118,"minecraft:blast_furnace":1,"cobblemon:pink_apricorn":17,"minecraft:white_bed":1,"minecraft:spider_eye":3,"minecraft:stripped_acacia_log":4,"cobblemon_armor_sets:cosplaymakingguide":1,"minecraft:golden_apple":2,"naturescompass:naturescompass":2,"minecraft:oak_sapling":5,"minecraft:melon_seeds":2,"minecraft:black_wool":1,"minecraft:coal":59},"minecraft:dropped":{"minecraft:wheat_seeds":11,"minecraft:diamond":8,"minecraft:cooked_porkchop":3,"minecraft:cobblestone":1,"minecraft:golden_apple":2,"minecraft:iron_leggings":1,"minecraft:player_head":1,"minecraft:iron_boots":2,"minecraft:iron_chestplate":1,"minecraft:diamond_pickaxe":1,"minecraft:oak_sapling":1,"minecraft:leather_leggings":2,"minecraft:red_nether_bricks":1,"minecraft:wooden_pickaxe":1}},"DataVersion":3465}