{"stats":{"minecraft:used":{"minecraft:leather_leggings":2,"minecraft:acacia_log":1,"minecraft:leather_chestplate":2,"minecraft:dirt":5,"minecraft:egg":1,"minecraft:acacia_planks":4},"minecraft:killed_by":{"minecraft:player":1},"minecraft:mined":{"minecraft:tall_seagrass":1,"minecraft:acacia_leaves":6,"minecraft:grass":12,"minecraft:acacia_log":9,"minecraft:grass_block":1,"minecraft:melon":5,"minecraft:dirt":7},"minecraft:custom":{"minecraft:time_since_rest":7587,"minecraft:sprint_one_cm":65229,"minecraft:damage_taken":495,"minecraft:walk_one_cm":21797,"minecraft:drop":1,"minecraft:damage_dealt":399,"minecraft:swim_one_cm":12420,"minecraft:fly_one_cm":71874,"minecraft:open_chest":3,"minecraft:crouch_one_cm":612,"minecraft:play_time":14836,"minecraft:deaths":2,"minecraft:sneak_time":197,"minecraft:walk_under_water_one_cm":1669,"minecraft:jump":270,"minecraft:leave_game":1,"minecraft:walk_on_water_one_cm":1915,"minecraft:time_since_death":7563,"minecraft:climb_one_cm":53,"minecraft:total_world_time":14836,"minecraft:fall_one_cm":11015},"minecraft:crafted":{"minecraft:acacia_planks":28},"minecraft:picked_up":{"minecraft:stick":2,"minecraft:leather_chestplate":1,"minecraft:leather_leggings":1,"minecraft:leather":2,"minecraft:acacia_log":8,"cobblemon:vivichoke_seeds":2,"minecraft:dirt":7,"minecraft:wheat_seeds":16,"minecraft:saddle":1,"minecraft:melon_slice":24,"minecraft:melon_seeds":2,"minecraft:acacia_sapling":1,"minecraft:cobblestone":1,"minecraft:egg":1},"minecraft:dropped":{"minecraft:wheat_seeds":11}},"DataVersion":3465}