{"stats":{"minecraft:killed":{"minecraft:llama":1,"minecraft:pig":2,"minecraft:sheep":7},"minecraft:custom":{"minecraft:mob_kills":10,"minecraft:interact_with_crafting_table":1,"minecraft:leave_game":8,"minecraft:time_since_death":27235,"minecraft:climb_one_cm":59921,"minecraft:damage_resisted":100,"minecraft:sprint_one_cm":241672,"minecraft:walk_one_cm":222790,"minecraft:drop":275,"minecraft:talked_to_villager":2,"minecraft:play_time":96184,"minecraft:deaths":37,"minecraft:sneak_time":2957,"minecraft:walk_under_water_one_cm":21780,"minecraft:jump":1475,"minecraft:walk_on_water_one_cm":28831,"minecraft:total_world_time":96184,"minecraft:time_since_rest":27263,"minecraft:damage_taken":10520,"minecraft:damage_absorbed":280,"minecraft:damage_dealt":1752,"minecraft:swim_one_cm":8231,"minecraft:fly_one_cm":364779,"minecraft:player_kills":6,"minecraft:open_chest":49,"minecraft:crouch_one_cm":7144,"minecraft:aviate_one_cm":113271,"minecraft:fall_one_cm":63939,"minecraft:horse_one_cm":338},"minecraft:picked_up":{"minecraft:wooden_axe":1,"minecraft:allium":20,"minecraft:azure_bluet":30,"minecraft:purple_wool":2,"minecraft:splash_potion":4,"minecraft:ladder":7,"minecraft:creeper_head":2,"minecraft:leather_leggings":1,"minecraft:prismarine_shard":46,"minecraft:golden_pickaxe":1,"minecraft:yellow_wool":2,"pixelmon:lure_ball":9,"minecraft:wooden_pickaxe":1,"minecraft:potion":4,"minecraft:enchanted_book":25,"minecraft:golden_shovel":1,"minecraft:golden_sword":1,"minecraft:heavy_weighted_pressure_plate":1,"minecraft:elytra":4,"minecraft:wooden_sword":1,"minecraft:quartz_slab":8,"minecraft:armor_stand":1,"minecraft:white_carpet":1,"minecraft:pufferfish":5,"minecraft:blue_orchid":41,"minecraft:oak_sign":1,"minecraft:gold_nugget":9,"lucky:lucky_sword":2,"minecraft:bucket":9,"minecraft:eye_armor_trim_smithing_template":1,"minecraft:enchanted_golden_apple":1,"minecraft:ender_eye":16,"minecraft:written_book":1,"minecraft:player_head":1,"minecraft:wooden_shovel":1,"minecraft:poppy":22,"minecraft:light_gray_wool":2,"minecraft:quartz_stairs":5,"minecraft:stick":1,"minecraft:sandstone":2,"minecraft:porkchop":4,"minecraft:golden_axe":5,"minecraft:cake":2,"minecraft:stone_button":2,"minecraft:prismarine_crystals":88,"minecraft:rabbit_foot":2,"minecraft:quartz_block":11,"minecraft:rotten_flesh":2,"minecraft:arrow":31,"minecraft:diamond_chestplate":1,"minecraft:light_blue_wool":1,"minecraft:tropical_fish":1,"minecraft:golden_hoe":1,"minecraft:pink_tulip":11,"minecraft:gold_ingot":44,"pixelmon:silver_base":1,"minecraft:blaze_rod":2,"minecraft:mutton":18,"minecraft:cod":3,"minecraft:skeleton_skull":1,"minecraft:oxeye_daisy":26,"pixelmon:poke_ball_lid":1,"minecraft:magma_cream":3,"minecraft:water_bucket":16,"minecraft:salmon":3,"minecraft:leather":9,"minecraft:golden_leggings":2,"minecraft:end_portal_frame":1,"minecraft:potato":59,"pixelmon:poke_ball":35,"minecraft:chainmail_chestplate":1,"lucky:lucky_block":1,"minecraft:wooden_hoe":1,"minecraft:lapis_lazuli":48,"lucky:lucky_bow":2,"minecraft:leather_boots":1,"minecraft:apple":5,"minecraft:bow":7,"minecraft:iron_ingot":5,"minecraft:stone_pickaxe":1,"minecraft:prismarine":23,"minecraft:iron_sword":5,"minecraft:milk_bucket":5,"minecraft:pumpkin":24,"minecraft:lime_concrete":4,"minecraft:dandelion":26,"minecraft:poisonous_potato":25,"minecraft:lava_bucket":7,"minecraft:fermented_spider_eye":4,"minecraft:leather_helmet":1,"minecraft:sea_lantern":6,"minecraft:spider_eye":3,"minecraft:orange_wool":1,"minecraft:firework_rocket":580,"minecraft:green_concrete":9,"minecraft:slime_block":10,"minecraft:diamond":38,"pixelmon:galladite":1,"minecraft:painting":8,"minecraft:golden_apple":3,"minecraft:gray_wool":1,"minecraft:emerald":57,"minecraft:chainmail_helmet":1,"minecraft:baked_potato":23,"minecraft:jack_o_lantern":24,"minecraft:nether_star":2,"minecraft:ender_pearl":33},"minecraft:crafted":{"minecraft:wooden_sword":1,"minecraft:oak_planks":60,"minecraft:stick":4},"minecraft:mined":{"lucky:pixelmon_lucky_block":10,"minecraft:frosted_ice":2,"minecraft:packed_ice":1,"lucky:lucky_block":44,"minecraft:glass":2,"minecraft:white_carpet":1,"minecraft:oak_leaves":3},"minecraft:killed_by":{"minecraft:player":4,"minecraft:slime":2,"minecraft:skeleton":5,"minecraft:endermite":2},"minecraft:broken":{"minecraft:leather_boots":1},"minecraft:dropped":{"minecraft:water_bucket":3,"minecraft:enchanted_book":6,"pixelmon:poke_ball_lid":1,"minecraft:iron_sword":1,"minecraft:lapis_lazuli":11,"minecraft:golden_pickaxe":1,"minecraft:nether_star":1,"minecraft:diamond":10,"lucky:lucky_block":1,"minecraft:prismarine_crystals":1,"minecraft:leather":4,"minecraft:apple":4,"minecraft:tropical_fish":1,"minecraft:elytra":2,"minecraft:leather_helmet":1,"minecraft:emerald":12,"minecraft:pufferfish":1,"minecraft:oxeye_daisy":26,"minecraft:lava_bucket":2,"minecraft:stone_button":1,"minecraft:mutton":8,"minecraft:jack_o_lantern":9,"minecraft:pumpkin":16,"minecraft:golden_hoe":1,"minecraft:fermented_spider_eye":2,"minecraft:bucket":2,"pixelmon:silver_base":1,"minecraft:gold_ingot":4,"minecraft:pink_tulip":8,"minecraft:player_head":1,"minecraft:blaze_rod":1,"pixelmon:galladite":1,"minecraft:slime_block":4,"minecraft:prismarine":1,"minecraft:golden_shovel":1,"minecraft:azure_bluet":22,"minecraft:eye_armor_trim_smithing_template":2,"minecraft:poppy":12,"minecraft:potato":9,"minecraft:allium":12,"minecraft:quartz_stairs":2,"minecraft:golden_sword":1,"minecraft:arrow":2,"minecraft:blue_orchid":29,"lucky:lucky_sword":2,"minecraft:quartz_slab":5,"minecraft:firework_rocket":92},"minecraft:used":{"minecraft:jack_o_lantern":5,"minecraft:ladder":4,"minecraft:elytra":2,"minecraft:white_terracotta":7,"minecraft:mutton":6,"minecraft:chainmail_chestplate":1,"minecraft:orange_wool":1,"minecraft:pink_terracotta":1,"minecraft:lava_bucket":2,"lucky:lucky_block":44,"minecraft:slime_block":3,"minecraft:diamond_chestplate":1,"minecraft:light_gray_wool":1,"minecraft:golden_sword":1,"minecraft:bow":45,"minecraft:written_book":1,"minecraft:pumpkin":4,"minecraft:enchanted_golden_apple":1,"minecraft:water_bucket":13,"minecraft:baked_potato":5,"minecraft:ender_pearl":5,"minecraft:chainmail_helmet":1,"lucky:lucky_sword":2,"minecraft:leather_boots":1,"minecraft:oak_leaves":2,"minecraft:golden_apple":3,"minecraft:light_blue_wool":1,"minecraft:cod":3,"minecraft:cake":1,"minecraft:oak_log":1,"minecraft:firework_rocket":19,"minecraft:stone_button":1,"minecraft:golden_leggings":1,"minecraft:yellow_wool":2,"minecraft:wooden_sword":12,"minecraft:porkchop":4,"minecraft:bucket":13,"minecraft:lapis_block":1,"minecraft:end_portal_frame":1,"minecraft:gray_wool":1,"minecraft:purple_wool":2,"minecraft:splash_potion":1}},"DataVersion":3465}