{"stats":{"minecraft:picked_up":{"minecraft:iron_chestplate":16,"minecraft:crafting_table":14,"minecraft:chicken":4,"minecraft:anvil":1,"minecraft:chest_minecart":1,"cobblemon:yellow_apricorn":14,"minecraft:stone_slab":1,"cobblemon:red_apricorn":4,"minecraft:lead":2,"minecraft:wooden_pickaxe":5,"cobblemon:charti_berry":1,"minecraft:potion":4,"minecraft:wither_rose":9,"minecraft:enchanted_book":1,"cobblemon:wepear_berry":1,"minecraft:string":4,"biomesoplenty:stripped_mahogany_log":4,"minecraft:item_frame":1,"cobblemon:white_apricorn":21,"minecraft:iron_leggings":11,"minecraft:tnt_minecart":2,"cobblemon:green_apricorn":1,"cobblemon:white_apricorn_seed":1,"minecraft:beef":17,"cobblemon:oran_berry":52,"minecraft:redstone_torch":3,"minecraft:poppy":1,"minecraft:iron_pickaxe":1,"cobblemon:quick_ball":16,"minecraft:melon_slice":6,"minecraft:birch_sapling":4,"cobblemon:green_apricorn_seed":1,"minecraft:spruce_trapdoor":1,"minecraft:iron_boots":9,"minecraft:furnace":1,"minecraft:dark_oak_sapling":2,"minecraft:golden_helmet":11,"minecraft:raw_iron":6,"minecraft:stick":2,"minecraft:torch":3,"sophisticatedbackpacks:backpack":3,"minecraft:lightning_rod":2,"minecraft:stone_button":1,"minecraft:carrot":6,"minecraft:redstone":10,"cobblemon:never_melt_ice":1,"minecraft:cauldron":3,"minecraft:dark_oak_planks":29,"minecraft:arrow":20,"minecraft:rotten_flesh":92,"minecraft:hay_block":12,"cobblemon:black_augurite":2,"minecraft:glistering_melon_slice":12,"minecraft:gold_ingot":54,"minecraft:white_wool":3,"minecraft:mutton":5,"cobblemon:blue_apricorn":6,"minecraft:iron_bars":5,"minecraft:cobblestone":446,"minecraft:rail":29,"minecraft:birch_log":1,"minecraft:lime_bed":7,"minecraft:air":0,"minecraft:mud_bricks":4,"minecraft:feather":1,"minecraft:iron_door":1,"minecraft:jungle_log":20,"minecraft:water_bucket":5,"minecraft:salmon":1,"minecraft:black_bed":2,"minecraft:leather":14,"minecraft:smoker":4,"minecraft:red_mushroom":1,"minecraft:flint":8,"minecraft:oak_log":14,"minecraft:waxed_copper_block":8,"minecraft:gunpowder":2,"minecraft:dirt":41,"minecraft:stripped_birch_log":4,"cobblemon:pink_apricorn_seed":3,"minecraft:bone":42,"cobblemon:black_apricorn":16,"minecraft:wheat_seeds":3,"minecraft:raw_gold":2,"minecraft:cooked_chicken":9,"minecraft:iron_ingot":83,"minecraft:stone_pickaxe":9,"minecraft:glass_bottle":12,"minecraft:oak_planks":405,"minecraft:dark_oak_stairs":1,"cobblemon:red_apricorn_seed":1,"minecraft:cooked_porkchop":1,"minecraft:sweet_berries":3,"patchouli:guide_book":14,"cobblemon:payapa_berry":1,"cobblemon:black_apricorn_seed":1,"minecraft:gravel":21,"minecraft:amethyst_shard":101,"minecraft:red_banner":5,"cobblemon:pink_apricorn":23,"cobblemon:aspear_berry":44,"minecraft:dark_oak_log":8,"minecraft:diamond":20,"cobblemon:poke_ball":5,"minecraft:diamond_axe":11,"naturescompass:naturescompass":1,"minecraft:emerald":15,"minecraft:bread":147,"minecraft:oak_sapling":1,"minecraft:coal":56,"cobblemon:smoke_ball":1},"minecraft:dropped":{"minecraft:iron_ingot":43,"minecraft:wheat_seeds":1,"minecraft:feather":1,"cobblemon_armor_sets:pokemon_scraps":1,"cobblemon:great_ball":3,"minecraft:string":3,"minecraft:sweet_berries":3,"minecraft:chicken":1,"minecraft:rotten_flesh":5,"cobblemon:quick_ball":15,"minecraft:poppy":1},"minecraft:killed_by":{"minecraft:player":2,"minecraft:vindicator":1,"minecraft:zombie":8},"minecraft:killed":{"minecraft:vindicator":2,"minecraft:spider":1,"minecraft:skeleton":14,"cobblemon:pokemon":41,"minecraft:zombie_villager":1,"minecraft:wandering_trader":1,"minecraft:creeper":1,"minecraft:zombie":12,"minecraft:cow":8},"minecraft:broken":{"minecraft:iron_boots":1,"minecraft:iron_pickaxe":1},"minecraft:used":{"minecraft:chest":2,"minecraft:cooked_chicken":1,"minecraft:iron_chestplate":6,"minecraft:torch":30,"minecraft:dirt":24,"minecraft:carrot":9,"minecraft:milk_bucket":2,"minecraft:dark_oak_planks":8,"cobblemon:pink_apricorn_seed":1,"minecraft:iron_boots":1,"minecraft:cooked_beef":7,"minecraft:iron_leggings":2,"minecraft:water_bucket":24,"minecraft:stone_pickaxe":9,"minecraft:oak_planks":18,"minecraft:wooden_pickaxe":3,"minecraft:diamond_axe":315,"minecraft:rail":5,"minecraft:lime_bed":2,"minecraft:crafting_table":11,"cobblemon:black_apricorn_seed":1,"cobblemon:white_apricorn_seed":1,"minecraft:black_bed":2,"minecraft:cake":1,"minecraft:smoker":2,"minecraft:redstone_torch":1,"cobblemon:green_apricorn_seed":1,"minecraft:diamond_pickaxe":225,"minecraft:melon_slice":6,"minecraft:bread":47,"minecraft:oak_button":1,"minecraft:iron_pickaxe":298,"minecraft:stone_button":1,"minecraft:tnt_minecart":1,"minecraft:stone_slab":1,"minecraft:gravel":13,"minecraft:golden_helmet":3,"cobblemon:red_apricorn_seed":1,"minecraft:cobblestone":9,"minecraft:cooked_porkchop":1,"minecraft:bucket":24},"minecraft:crafted":{"minecraft:oak_planks":56,"minecraft:furnace":1,"minecraft:stone_pickaxe":1,"minecraft:chest":2,"minecraft:oak_button":1,"minecraft:dark_oak_planks":12,"minecraft:smoker":1,"minecraft:wheat":108,"minecraft:cooked_beef":11,"minecraft:diamond_axe":1,"minecraft:crafting_table":5,"minecraft:wooden_pickaxe":1,"minecraft:birch_planks":4,"minecraft:jungle_planks":4,"minecraft:bread":36,"minecraft:air":0,"minecraft:diamond_pickaxe":1,"naturescompass:naturescompass":1,"minecraft:stick":24,"minecraft:compass":1,"minecraft:iron_pickaxe":1,"minecraft:torch":40,"cobblemon:great_ball":8},"minecraft:custom":{"minecraft:interact_with_anvil":1,"minecraft:mob_kills":83,"minecraft:interact_with_crafting_table":19,"minecraft:open_barrel":15,"minecraft:eat_cake_slice":6,"minecraft:leave_game":1,"minecraft:time_since_death":49864,"minecraft:climb_one_cm":5655,"minecraft:sprint_one_cm":585369,"minecraft:walk_one_cm":341444,"minecraft:drop":17,"minecraft:play_noteblock":1,"minecraft:damage_dealt_absorbed":23,"minecraft:play_time":189523,"minecraft:deaths":16,"minecraft:sneak_time":2083,"minecraft:walk_under_water_one_cm":15684,"minecraft:interact_with_lectern":2,"minecraft:jump":2529,"minecraft:interact_with_blast_furnace":3,"minecraft:walk_on_water_one_cm":37844,"minecraft:total_world_time":189523,"minecraft:interact_with_furnace":2,"minecraft:sleep_in_bed":2,"minecraft:time_since_rest":68377,"minecraft:damage_taken":7852,"minecraft:damage_dealt":15135,"minecraft:swim_one_cm":35126,"minecraft:fly_one_cm":626738,"minecraft:open_chest":13,"minecraft:crouch_one_cm":3579,"minecraft:interact_with_smoker":7,"minecraft:fall_one_cm":92384},"minecraft:mined":{"minecraft:dark_oak_planks":4,"biomesoplenty:orange_autumn_leaves":2,"minecraft:dark_oak_leaves":7,"minecraft:jungle_leaves":2,"minecraft:stripped_birch_log":4,"minecraft:dark_oak_log":9,"minecraft:cyan_stained_glass":5,"minecraft:spruce_trapdoor":1,"minecraft:grass_block":1,"biomesoplenty:stripped_mahogany_log":4,"minecraft:jungle_log":20,"minecraft:spruce_leaves":11,"minecraft:large_fern":1,"minecraft:hay_block":12,"minecraft:furnace":1,"minecraft:iron_ore":6,"minecraft:anvil":1,"minecraft:dark_oak_stairs":1,"minecraft:vine":1,"minecraft:rail":29,"minecraft:iron_bars":4,"minecraft:stone":435,"minecraft:smoker":2,"minecraft:amethyst_cluster":10,"minecraft:torch":1,"minecraft:crafting_table":7,"cobblemon:apricorn_leaves":1,"minecraft:emerald_ore":1,"minecraft:melon":1,"minecraft:stone_slab":1,"minecraft:lightning_rod":1,"minecraft:cobblestone":4,"minecraft:deepslate_gold_ore":2,"minecraft:pink_petals":1,"minecraft:lime_bed":1,"minecraft:light_gray_stained_glass":1,"minecraft:birch_log":1,"minecraft:redstone_torch":2,"minecraft:birch_leaves":78,"minecraft:waxed_copper_block":2,"minecraft:black_bed":1,"minecraft:grass":1,"minecraft:coal_ore":31,"minecraft:oak_log":14,"minecraft:cocoa":2,"minecraft:gravel":24,"minecraft:dirt":18,"minecraft:oak_leaves":27,"minecraft:fern":1}},"DataVersion":3465}