{"stats":{"minecraft:custom":{"minecraft:mob_kills":1,"minecraft:leave_game":5,"minecraft:time_since_death":2587,"minecraft:damage_resisted":100,"minecraft:climb_one_cm":22495,"minecraft:time_since_rest":2615,"minecraft:sprint_one_cm":98891,"minecraft:damage_absorbed":280,"minecraft:damage_taken":5833,"minecraft:walk_one_cm":91812,"minecraft:drop":219,"minecraft:damage_dealt":573,"minecraft:talked_to_villager":2,"minecraft:fly_one_cm":179425,"minecraft:player_kills":5,"minecraft:open_chest":20,"minecraft:crouch_one_cm":3067,"minecraft:play_time":37640,"minecraft:deaths":17,"minecraft:sneak_time":1300,"minecraft:walk_under_water_one_cm":3646,"minecraft:jump":486,"minecraft:walk_on_water_one_cm":1175,"minecraft:total_world_time":37640,"minecraft:fall_one_cm":18814,"minecraft:horse_one_cm":338},"minecraft:used":{"minecraft:water_bucket":11,"minecraft:jack_o_lantern":5,"minecraft:ender_pearl":3,"minecraft:white_terracotta":7,"lucky:lucky_sword":2,"minecraft:leather_boots":1,"minecraft:oak_leaves":2,"minecraft:golden_apple":3,"minecraft:pink_terracotta":1,"minecraft:lava_bucket":1,"lucky:lucky_block":44,"minecraft:yellow_wool":1,"minecraft:golden_sword":1,"minecraft:wooden_sword":1,"minecraft:bow":35,"minecraft:written_book":1,"minecraft:bucket":11,"minecraft:end_portal_frame":1,"minecraft:enchanted_golden_apple":1,"minecraft:purple_wool":1,"minecraft:splash_potion":1},"minecraft:mined":{"minecraft:glass":2,"lucky:lucky_block":26,"minecraft:oak_leaves":1},"minecraft:killed_by":{"minecraft:player":3,"minecraft:slime":2,"minecraft:endermite":1},"minecraft:killed":{"minecraft:llama":1},"minecraft:broken":{"minecraft:leather_boots":1},"minecraft:dropped":{"minecraft:water_bucket":3,"minecraft:enchanted_book":6,"minecraft:iron_sword":1,"minecraft:lapis_lazuli":11,"minecraft:golden_pickaxe":1,"lucky:lucky_block":1,"minecraft:diamond":10,"minecraft:nether_star":1,"minecraft:prismarine_crystals":1,"minecraft:apple":4,"minecraft:leather":4,"minecraft:prismarine":1,"minecraft:golden_shovel":1,"minecraft:azure_bluet":22,"minecraft:tropical_fish":1,"minecraft:leather_helmet":1,"minecraft:eye_armor_trim_smithing_template":2,"minecraft:emerald":12,"minecraft:oxeye_daisy":26,"minecraft:lava_bucket":2,"minecraft:poppy":12,"minecraft:allium":12,"minecraft:mutton":8,"minecraft:quartz_stairs":2,"minecraft:jack_o_lantern":9,"minecraft:golden_sword":1,"minecraft:arrow":2,"minecraft:pumpkin":16,"minecraft:golden_hoe":1,"minecraft:blue_orchid":29,"minecraft:bucket":1,"minecraft:fermented_spider_eye":2,"lucky:lucky_sword":2,"minecraft:quartz_slab":5,"minecraft:pink_tulip":8,"minecraft:gold_ingot":4},"minecraft:picked_up":{"minecraft:wooden_axe":1,"minecraft:magma_cream":3,"minecraft:allium":20,"minecraft:azure_bluet":30,"minecraft:purple_wool":1,"minecraft:splash_potion":4,"minecraft:creeper_head":2,"minecraft:leather_leggings":1,"minecraft:prismarine_shard":46,"minecraft:water_bucket":8,"minecraft:yellow_wool":1,"minecraft:golden_pickaxe":1,"minecraft:leather":4,"minecraft:wooden_pickaxe":1,"minecraft:end_portal_frame":1,"minecraft:potion":4,"minecraft:enchanted_book":18,"minecraft:golden_shovel":1,"minecraft:golden_sword":1,"lucky:lucky_block":1,"minecraft:wooden_hoe":1,"minecraft:lapis_lazuli":48,"lucky:lucky_bow":2,"minecraft:wooden_sword":1,"minecraft:leather_boots":1,"minecraft:quartz_slab":8,"minecraft:pufferfish":4,"minecraft:oak_sign":1,"minecraft:blue_orchid":41,"minecraft:apple":5,"minecraft:bow":2,"minecraft:gold_nugget":3,"lucky:lucky_sword":2,"minecraft:bucket":4,"minecraft:eye_armor_trim_smithing_template":1,"minecraft:ender_eye":16,"minecraft:written_book":1,"minecraft:wooden_shovel":1,"minecraft:poppy":22,"minecraft:enchanted_golden_apple":1,"minecraft:quartz_stairs":5,"minecraft:prismarine":23,"minecraft:iron_sword":4,"minecraft:pumpkin":16,"minecraft:lime_concrete":4,"minecraft:dandelion":26,"minecraft:lava_bucket":5,"minecraft:golden_axe":5,"minecraft:fermented_spider_eye":4,"minecraft:spider_eye":3,"minecraft:rabbit_foot":1,"minecraft:prismarine_crystals":88,"minecraft:sea_lantern":6,"minecraft:leather_helmet":1,"minecraft:arrow":8,"minecraft:quartz_block":5,"minecraft:rotten_flesh":2,"minecraft:green_concrete":9,"minecraft:diamond":34,"minecraft:tropical_fish":1,"minecraft:golden_hoe":1,"minecraft:golden_apple":3,"minecraft:pink_tulip":11,"minecraft:gold_ingot":24,"minecraft:emerald":25,"minecraft:jack_o_lantern":14,"minecraft:skeleton_skull":1,"minecraft:mutton":8,"minecraft:ender_pearl":23,"minecraft:nether_star":2,"minecraft:oxeye_daisy":26}},"DataVersion":3465}