{
  "uuid": "c78817bd-8f37-3b24-b04e-09d5a5245d8f",
  "starterPrompted": true,
  "starterLocked": false,
  "starterSelected": true,
  "starterUUID": "1cc0dc80-5225-4665-83aa-3c3f2a0be29b",
  "keyItems": [],
  "battleTheme": "cobblemon:battle.pvp.default",
  "extraData": {
    "koStreak": {
      "name": "koStreak",
      "species": "slowpoke",
      "count": 1
    },
    "koCount": {
      "name": "koCount",
      "defeats": {
        "slowpoke": 1
      }
    },
    "captureStreak": {
      "name": "captureStreak",
      "species": "",
      "count": 0
    },
    "captureCount": {
      "name": "captureCount",
      "defeats": {
        "popplio": 1
      }
    },
    "encounter": {
      "name": "encounter",
      "encounters": {
        "popplio": true,
        "fidough": true,
        "growlithe": true,
        "slowpoke": true,
        "gyarados": true
      }
    }
  },
  "advancementData": {
    "totalCaptureCount": 0,
    "totalEggsHatched": 0,
    "totalEvolvedCount": 0,
    "totalBattleVictoryCount": 1,
    "totalPvPBattleVictoryCount": 0,
    "totalPvWBattleVictoryCount": 1,
    "totalPvNBattleVictoryCount": 0,
    "totalShinyCaptureCount": 0,
    "totalTradedCount": 0,
    "totalTypeCaptureCounts": {},
    "totalDefeatedCounts": {
      "cobblemon:slowpoke": 1
    },
    "aspectsCollected": {}
  }
}