{
  "uuid": "c78817bd-8f37-3b24-b04e-09d5a5245d8f",
  "starterPrompted": true,
  "starterLocked": false,
  "starterSelected": true,
  "starterUUID": "5cbc52d5-0053-4743-bfc5-37d13da79188",
  "keyItems": [],
  "battleTheme": "cobblemon:battle.pvp.default",
  "extraData": {
    "koStreak": {
      "name": "koStreak",
      "species": "larvitar",
      "count": 1
    },
    "koCount": {
      "name": "koCount",
      "defeats": {
        "starly": 1,
        "magikarp": 1,
        "pidove": 1,
        "makuhita": 1,
        "larvitar": 1
      }
    },
    "captureStreak": {
      "name": "captureStreak",
      "species": "gible",
      "count": 1
    },
    "captureCount": {
      "name": "captureCount",
      "defeats": {
        "froakie": 1,
        "gible": 1
      }
    },
    "encounter": {
      "name": "encounter",
      "encounters": {
        "froakie": true,
        "starly": true,
        "fletchinder": true,
        "magikarp": true,
        "sableye": true,
        "pidove": true,
        "makuhita": true,
        "geodude": true,
        "aron": true,
        "crabominable": true,
        "larvitar": true,
        "gible": true
      }
    }
  },
  "advancementData": {
    "totalCaptureCount": 1,
    "totalEggsHatched": 0,
    "totalEvolvedCount": 0,
    "totalBattleVictoryCount": 6,
    "totalPvPBattleVictoryCount": 1,
    "totalPvWBattleVictoryCount": 5,
    "totalPvNBattleVictoryCount": 0,
    "totalShinyCaptureCount": 0,
    "totalTradedCount": 0,
    "totalTypeCaptureCounts": {
      "dragon": 1,
      "ground": 1
    },
    "totalDefeatedCounts": {
      "cobblemon:starly": 1,
      "cobblemon:magikarp": 1,
      "cobblemon:pidove": 1,
      "cobblemon:makuhita": 1,
      "cobblemon:larvitar": 1
    },
    "aspectsCollected": {}
  }
}