{"stats":{"minecraft:dropped":{"minecraft:cyan_stained_glass":1},"minecraft:used":{"minecraft:stripped_crimson_stem":4,"minecraft:red_shulker_box":15,"minecraft:sea_lantern":8,"minecraft:cyan_terracotta":348,"minecraft:emerald_block":6,"minecraft:gray_stained_glass_pane":14,"minecraft:iron_trapdoor":6,"minecraft:quartz_slab":45,"minecraft:lime_carpet":6,"minecraft:iron_block":32,"minecraft:lantern":13,"minecraft:red_stained_glass":2,"minecraft:white_stained_glass":158,"minecraft:cobblestone_wall":3,"minecraft:red_nether_bricks":1,"minecraft:smooth_stone_slab":10,"minecraft:white_concrete":316,"minecraft:stone":128,"minecraft:redstone_block":12,"minecraft:quartz_stairs":157,"minecraft:diorite_wall":2},"minecraft:picked_up":{"minecraft:cyan_stained_glass":1},"minecraft:custom":{"minecraft:time_since_rest":122360,"minecraft:play_one_minute":122360,"minecraft:crouch_one_cm":10846,"minecraft:sprint_one_cm":16007,"minecraft:walk_one_cm":21629,"minecraft:sneak_time":14849,"minecraft:drop":1,"minecraft:jump":283,"minecraft:leave_game":4,"minecraft:time_since_death":122360,"minecraft:fly_one_cm":2731045}},"DataVersion":2586}